"","tool","project","target_class","isAssertion","coverage_rate"
"1","BBC-F0-10","Chart-10","org.jfree.chart.imagemap.StandardToolTipTagFragmentGenerator",0,0
"2","BBC-F0-10","Chart-2","org.jfree.data.general.DatasetUtilities",0,30
"3","BBC-F0-10","Chart-4","org.jfree.chart.plot.XYPlot",0,18
"4","BBC-F0-10","Chart-5","org.jfree.data.xy.XYSeries",0,0
"5","BBC-F0-10","Chart-9","org.jfree.data.time.TimeSeries",0,0
"6","BBC-F0-10","Cli-31","org.apache.commons.cli.HelpFormatter",0,0
"7","BBC-F0-10","Cli-31","org.apache.commons.cli.Option",0,0
"8","BBC-F0-10","Cli-31","org.apache.commons.cli.OptionBuilder",0,0
"9","BBC-F0-10","Cli-32","org.apache.commons.cli.HelpFormatter",0,27
"10","BBC-F0-10","Cli-33","org.apache.commons.cli.HelpFormatter",0,0
"11","BBC-F0-10","Cli-35","org.apache.commons.cli.Options",0,0
"12","BBC-F0-10","Closure-108","com.google.javascript.jscomp.ScopedAliases",0,0
"13","BBC-F0-10","Codec-10","org.apache.commons.codec.language.Caverphone",0,0
"14","BBC-F0-10","Codec-11","org.apache.commons.codec.net.QuotedPrintableCodec",0,30
"15","BBC-F0-10","Codec-13","org.apache.commons.codec.binary.StringUtils",0,0
"16","BBC-F0-10","Codec-13","org.apache.commons.codec.language.DoubleMetaphone",0,22
"17","BBC-F0-10","Codec-16","org.apache.commons.codec.binary.Base32",0,0
"18","BBC-F0-10","Codec-17","org.apache.commons.codec.binary.StringUtils",0,30
"19","BBC-F0-10","Codec-18","org.apache.commons.codec.binary.StringUtils",0,0
"20","BBC-F0-10","Codec-9","org.apache.commons.codec.binary.Base64",0,0
"21","BBC-F0-10","Collections-25","org.apache.commons.collections4.IteratorUtils",0,0
"22","BBC-F0-10","Collections-28","org.apache.commons.collections4.trie.AbstractPatriciaTrie",0,0
"23","BBC-F0-10","Compress-38","org.apache.commons.compress.archivers.tar.TarArchiveEntry",0,0
"24","BBC-F0-10","Compress-45","org.apache.commons.compress.archivers.tar.TarUtils",0,0
"25","BBC-F0-10","Csv-11","org.apache.commons.csv.CSVParser",0,30
"26","BBC-F0-10","Csv-12","org.apache.commons.csv.CSVFormat",0,0
"27","BBC-F0-10","Csv-8","org.apache.commons.csv.CSVFormat",0,0
"28","BBC-F0-10","Csv-9","org.apache.commons.csv.CSVRecord",0,26
"29","BBC-F0-10","Gson-10","com.google.gson.internal.bind.ReflectiveTypeAdapterFactory",0,0
"30","BBC-F0-10","Gson-11","com.google.gson.internal.bind.TypeAdapters",0,0
"31","BBC-F0-10","Gson-12","com.google.gson.internal.bind.JsonTreeReader",0,30
"32","BBC-F0-10","Gson-13","com.google.gson.stream.JsonReader",0,0
"33","BBC-F0-10","Gson-14","com.google.gson.internal.$Gson$Types",0,0
"34","BBC-F0-10","Gson-15","com.google.gson.stream.JsonWriter",0,0
"35","BBC-F0-10","Gson-16","com.google.gson.internal.$Gson$Types",0,0
"36","BBC-F0-10","Gson-17","com.google.gson.DefaultDateTypeAdapter",0,29
"37","BBC-F0-10","Gson-18","com.google.gson.internal.$Gson$Types",0,0
"38","BBC-F0-10","Gson-9","com.google.gson.internal.bind.JsonTreeWriter",0,0
"39","BBC-F0-10","Gson-9","com.google.gson.internal.bind.TypeAdapters",0,28
"40","BBC-F0-10","Gson-9","com.google.gson.stream.JsonWriter",0,30
"41","BBC-F0-10","JacksonCore-17","com.fasterxml.jackson.core.json.UTF8JsonGenerator",0,0
"42","BBC-F0-10","JacksonCore-19","com.fasterxml.jackson.core.json.ReaderBasedJsonParser",0,0
"43","BBC-F0-10","JacksonCore-19","com.fasterxml.jackson.core.json.UTF8StreamJsonParser",0,0
"44","BBC-F0-10","JacksonCore-20","com.fasterxml.jackson.core.JsonGenerator",0,30
"45","BBC-F0-10","JacksonCore-21","com.fasterxml.jackson.core.filter.FilteringParserDelegate",0,0
"46","BBC-F0-10","JacksonCore-22","com.fasterxml.jackson.core.filter.FilteringParserDelegate",0,0
"47","BBC-F0-10","JacksonCore-24","com.fasterxml.jackson.core.base.ParserBase",0,0
"48","BBC-F0-10","JacksonCore-24","com.fasterxml.jackson.core.base.ParserMinimalBase",0,0
"49","BBC-F0-10","JacksonCore-25","com.fasterxml.jackson.core.json.ReaderBasedJsonParser",0,0
"50","BBC-F0-10","JacksonDatabind-104","com.fasterxml.jackson.databind.util.StdDateFormat",0,0
"51","BBC-F0-10","JacksonDatabind-105","com.fasterxml.jackson.databind.deser.std.JdkDeserializers",0,0
"52","BBC-F0-10","JacksonDatabind-107","com.fasterxml.jackson.databind.jsontype.impl.TypeDeserializerBase",0,0
"53","BBC-F0-10","JacksonDatabind-109","com.fasterxml.jackson.databind.ser.std.NumberSerializer",0,0
"54","BBC-F0-10","JacksonDatabind-109","com.fasterxml.jackson.databind.ser.std.NumberSerializers",0,0
"55","BBC-F0-10","JacksonDatabind-110","com.fasterxml.jackson.databind.deser.impl.JavaUtilCollectionsDeserializers",0,0
"56","BBC-F0-10","JacksonDatabind-112","com.fasterxml.jackson.databind.deser.std.StringCollectionDeserializer",0,0
"57","BBC-F0-10","JacksonXml-3","com.fasterxml.jackson.dataformat.xml.deser.FromXmlParser",0,0
"58","BBC-F0-10","JacksonXml-4","com.fasterxml.jackson.dataformat.xml.ser.XmlSerializerProvider",0,0
"59","BBC-F0-10","JacksonXml-6","com.fasterxml.jackson.dataformat.xml.ser.ToXmlGenerator",0,0
"60","BBC-F0-10","Jsoup-84","org.jsoup.helper.W3CDom",0,16
"61","BBC-F0-10","Jsoup-86","org.jsoup.nodes.Comment",0,0
"62","BBC-F0-10","Jsoup-89","org.jsoup.nodes.Attribute",0,30
"63","BBC-F0-10","Jsoup-90","org.jsoup.helper.HttpConnection",0,0
"64","BBC-F0-10","JxPath-13","org.apache.commons.jxpath.ri.model.dom.DOMNodePointer",0,0
"65","BBC-F0-10","JxPath-13","org.apache.commons.jxpath.ri.NamespaceResolver",0,0
"66","BBC-F0-10","JxPath-16","org.apache.commons.jxpath.ri.model.dom.DOMNodePointer",0,0
"67","BBC-F0-10","JxPath-16","org.apache.commons.jxpath.ri.model.jdom.JDOMNodePointer",0,0
"68","BBC-F0-10","JxPath-22","org.apache.commons.jxpath.ri.model.dom.DOMNodePointer",0,0
"69","BBC-F0-10","Lang-1","org.apache.commons.lang3.math.NumberUtils",0,0
"70","BBC-F0-10","Lang-5","org.apache.commons.lang3.LocaleUtils",0,0
"71","BBC-F0-10","Lang-6","org.apache.commons.lang3.text.translate.CharSequenceTranslator",0,0
"72","BBC-F0-10","Math-1","org.apache.commons.math3.fraction.BigFraction",0,29
"73","BBC-F0-10","Math-1","org.apache.commons.math3.fraction.Fraction",0,30
"74","BBC-F0-10","Math-3","org.apache.commons.math3.util.MathArrays",0,11
"75","BBC-F0-10","Math-4","org.apache.commons.math3.geometry.euclidean.threed.SubLine",0,24
"76","BBC-F0-10","Math-4","org.apache.commons.math3.geometry.euclidean.twod.SubLine",0,26
"77","BBC-F0-10","Math-8","org.apache.commons.math3.distribution.DiscreteDistribution",0,15
"78","BBC-F0-10","Mockito-1","org.mockito.internal.invocation.InvocationMatcher",0,0
"79","BBC-F0-10","Mockito-18","org.mockito.internal.stubbing.defaultanswers.ReturnsEmptyValues",0,30
"80","BBC-F0-10","Mockito-20","org.mockito.internal.creation.bytebuddy.ByteBuddyMockMaker",0,0
"81","BBC-F0-10","Mockito-3","org.mockito.internal.invocation.InvocationMatcher",0,0
"82","BBC-F0-10","Mockito-4","org.mockito.exceptions.Reporter",0,0
"83","BBC-F0-10","Mockito-6","org.mockito.Matchers",0,0
"84","BBC-F0-10","Mockito-7","org.mockito.internal.util.reflection.GenericMetadataSupport",0,0
"85","BBC-F0-10","Time-10","org.joda.time.base.BaseSingleFieldPeriod",0,2
"86","BBC-F0-10","Time-2","org.joda.time.field.UnsupportedDurationField",0,0
"87","BBC-F0-10","Time-2","org.joda.time.Partial",0,0
"88","BBC-F0-10","Time-3","org.joda.time.MutableDateTime",0,0
"89","BBC-F0-10","Time-5","org.joda.time.Period",0,30
"90","BBC-F0-10","Time-6","org.joda.time.chrono.GJChronology",0,17
"91","BBC-F0-10","Time-7","org.joda.time.format.DateTimeFormatter",0,1
"92","BBC-F0-10","Time-8","org.joda.time.DateTimeZone",0,0
"93","BBC-F0-100","Chart-10","org.jfree.chart.imagemap.StandardToolTipTagFragmentGenerator",0,0
"94","BBC-F0-100","Chart-2","org.jfree.data.general.DatasetUtilities",0,30
"95","BBC-F0-100","Chart-4","org.jfree.chart.plot.XYPlot",0,22
"96","BBC-F0-100","Chart-5","org.jfree.data.xy.XYSeries",0,0
"97","BBC-F0-100","Chart-9","org.jfree.data.time.TimeSeries",0,0
"98","BBC-F0-100","Cli-31","org.apache.commons.cli.HelpFormatter",0,0
"99","BBC-F0-100","Cli-31","org.apache.commons.cli.Option",0,0
"100","BBC-F0-100","Cli-31","org.apache.commons.cli.OptionBuilder",0,0
"101","BBC-F0-100","Cli-32","org.apache.commons.cli.HelpFormatter",0,25
"102","BBC-F0-100","Cli-33","org.apache.commons.cli.HelpFormatter",0,0
"103","BBC-F0-100","Cli-35","org.apache.commons.cli.Options",0,0
"104","BBC-F0-100","Closure-108","com.google.javascript.jscomp.ScopedAliases",0,0
"105","BBC-F0-100","Codec-10","org.apache.commons.codec.language.Caverphone",0,0
"106","BBC-F0-100","Codec-11","org.apache.commons.codec.net.QuotedPrintableCodec",0,30
"107","BBC-F0-100","Codec-13","org.apache.commons.codec.binary.StringUtils",0,0
"108","BBC-F0-100","Codec-13","org.apache.commons.codec.language.DoubleMetaphone",0,30
"109","BBC-F0-100","Codec-16","org.apache.commons.codec.binary.Base32",0,0
"110","BBC-F0-100","Codec-17","org.apache.commons.codec.binary.StringUtils",0,30
"111","BBC-F0-100","Codec-18","org.apache.commons.codec.binary.StringUtils",0,0
"112","BBC-F0-100","Codec-9","org.apache.commons.codec.binary.Base64",0,0
"113","BBC-F0-100","Collections-25","org.apache.commons.collections4.IteratorUtils",0,0
"114","BBC-F0-100","Collections-28","org.apache.commons.collections4.trie.AbstractPatriciaTrie",0,0
"115","BBC-F0-100","Compress-38","org.apache.commons.compress.archivers.tar.TarArchiveEntry",0,0
"116","BBC-F0-100","Compress-45","org.apache.commons.compress.archivers.tar.TarUtils",0,0
"117","BBC-F0-100","Csv-11","org.apache.commons.csv.CSVParser",0,30
"118","BBC-F0-100","Csv-12","org.apache.commons.csv.CSVFormat",0,0
"119","BBC-F0-100","Csv-8","org.apache.commons.csv.CSVFormat",0,0
"120","BBC-F0-100","Csv-9","org.apache.commons.csv.CSVRecord",0,22
"121","BBC-F0-100","Gson-10","com.google.gson.internal.bind.ReflectiveTypeAdapterFactory",0,0
"122","BBC-F0-100","Gson-11","com.google.gson.internal.bind.TypeAdapters",0,0
"123","BBC-F0-100","Gson-12","com.google.gson.internal.bind.JsonTreeReader",0,29
"124","BBC-F0-100","Gson-13","com.google.gson.stream.JsonReader",0,0
"125","BBC-F0-100","Gson-14","com.google.gson.internal.$Gson$Types",0,0
"126","BBC-F0-100","Gson-15","com.google.gson.stream.JsonWriter",0,0
"127","BBC-F0-100","Gson-16","com.google.gson.internal.$Gson$Types",0,0
"128","BBC-F0-100","Gson-17","com.google.gson.DefaultDateTypeAdapter",0,29
"129","BBC-F0-100","Gson-18","com.google.gson.internal.$Gson$Types",0,0
"130","BBC-F0-100","Gson-9","com.google.gson.internal.bind.JsonTreeWriter",0,0
"131","BBC-F0-100","Gson-9","com.google.gson.internal.bind.TypeAdapters",0,18
"132","BBC-F0-100","Gson-9","com.google.gson.stream.JsonWriter",0,29
"133","BBC-F0-100","JacksonCore-17","com.fasterxml.jackson.core.json.UTF8JsonGenerator",0,0
"134","BBC-F0-100","JacksonCore-19","com.fasterxml.jackson.core.json.ReaderBasedJsonParser",0,0
"135","BBC-F0-100","JacksonCore-19","com.fasterxml.jackson.core.json.UTF8StreamJsonParser",0,0
"136","BBC-F0-100","JacksonCore-20","com.fasterxml.jackson.core.JsonGenerator",0,29
"137","BBC-F0-100","JacksonCore-21","com.fasterxml.jackson.core.filter.FilteringParserDelegate",0,0
"138","BBC-F0-100","JacksonCore-22","com.fasterxml.jackson.core.filter.FilteringParserDelegate",0,0
"139","BBC-F0-100","JacksonCore-24","com.fasterxml.jackson.core.base.ParserBase",0,0
"140","BBC-F0-100","JacksonCore-24","com.fasterxml.jackson.core.base.ParserMinimalBase",0,0
"141","BBC-F0-100","JacksonCore-25","com.fasterxml.jackson.core.json.ReaderBasedJsonParser",0,0
"142","BBC-F0-100","JacksonDatabind-104","com.fasterxml.jackson.databind.util.StdDateFormat",0,0
"143","BBC-F0-100","JacksonDatabind-105","com.fasterxml.jackson.databind.deser.std.JdkDeserializers",0,0
"144","BBC-F0-100","JacksonDatabind-107","com.fasterxml.jackson.databind.jsontype.impl.TypeDeserializerBase",0,0
"145","BBC-F0-100","JacksonDatabind-109","com.fasterxml.jackson.databind.ser.std.NumberSerializer",0,0
"146","BBC-F0-100","JacksonDatabind-109","com.fasterxml.jackson.databind.ser.std.NumberSerializers",0,0
"147","BBC-F0-100","JacksonDatabind-110","com.fasterxml.jackson.databind.deser.impl.JavaUtilCollectionsDeserializers",0,0
"148","BBC-F0-100","JacksonDatabind-112","com.fasterxml.jackson.databind.deser.std.StringCollectionDeserializer",0,0
"149","BBC-F0-100","JacksonXml-3","com.fasterxml.jackson.dataformat.xml.deser.FromXmlParser",0,0
"150","BBC-F0-100","JacksonXml-4","com.fasterxml.jackson.dataformat.xml.ser.XmlSerializerProvider",0,0
"151","BBC-F0-100","JacksonXml-6","com.fasterxml.jackson.dataformat.xml.ser.ToXmlGenerator",0,0
"152","BBC-F0-100","Jsoup-84","org.jsoup.helper.W3CDom",0,11
"153","BBC-F0-100","Jsoup-86","org.jsoup.nodes.Comment",0,0
"154","BBC-F0-100","Jsoup-89","org.jsoup.nodes.Attribute",0,30
"155","BBC-F0-100","Jsoup-90","org.jsoup.helper.HttpConnection",0,0
"156","BBC-F0-100","JxPath-13","org.apache.commons.jxpath.ri.model.dom.DOMNodePointer",0,0
"157","BBC-F0-100","JxPath-13","org.apache.commons.jxpath.ri.NamespaceResolver",0,0
"158","BBC-F0-100","JxPath-16","org.apache.commons.jxpath.ri.model.dom.DOMNodePointer",0,0
"159","BBC-F0-100","JxPath-16","org.apache.commons.jxpath.ri.model.jdom.JDOMNodePointer",0,0
"160","BBC-F0-100","JxPath-22","org.apache.commons.jxpath.ri.model.dom.DOMNodePointer",0,0
"161","BBC-F0-100","Lang-1","org.apache.commons.lang3.math.NumberUtils",0,0
"162","BBC-F0-100","Lang-5","org.apache.commons.lang3.LocaleUtils",0,0
"163","BBC-F0-100","Lang-6","org.apache.commons.lang3.text.translate.CharSequenceTranslator",0,0
"164","BBC-F0-100","Math-1","org.apache.commons.math3.fraction.BigFraction",0,29
"165","BBC-F0-100","Math-1","org.apache.commons.math3.fraction.Fraction",0,30
"166","BBC-F0-100","Math-3","org.apache.commons.math3.util.MathArrays",0,15
"167","BBC-F0-100","Math-4","org.apache.commons.math3.geometry.euclidean.threed.SubLine",0,21
"168","BBC-F0-100","Math-4","org.apache.commons.math3.geometry.euclidean.twod.SubLine",0,26
"169","BBC-F0-100","Math-8","org.apache.commons.math3.distribution.DiscreteDistribution",0,12
"170","BBC-F0-100","Mockito-1","org.mockito.internal.invocation.InvocationMatcher",0,0
"171","BBC-F0-100","Mockito-18","org.mockito.internal.stubbing.defaultanswers.ReturnsEmptyValues",0,30
"172","BBC-F0-100","Mockito-20","org.mockito.internal.creation.bytebuddy.ByteBuddyMockMaker",0,0
"173","BBC-F0-100","Mockito-3","org.mockito.internal.invocation.InvocationMatcher",0,0
"174","BBC-F0-100","Mockito-4","org.mockito.exceptions.Reporter",0,0
"175","BBC-F0-100","Mockito-6","org.mockito.Matchers",0,0
"176","BBC-F0-100","Mockito-7","org.mockito.internal.util.reflection.GenericMetadataSupport",0,0
"177","BBC-F0-100","Time-10","org.joda.time.base.BaseSingleFieldPeriod",0,0
"178","BBC-F0-100","Time-2","org.joda.time.field.UnsupportedDurationField",0,0
"179","BBC-F0-100","Time-2","org.joda.time.Partial",0,0
"180","BBC-F0-100","Time-3","org.joda.time.MutableDateTime",0,0
"181","BBC-F0-100","Time-5","org.joda.time.Period",0,30
"182","BBC-F0-100","Time-6","org.joda.time.chrono.GJChronology",0,17
"183","BBC-F0-100","Time-7","org.joda.time.format.DateTimeFormatter",0,1
"184","BBC-F0-100","Time-8","org.joda.time.DateTimeZone",0,0
"185","BBC-F0-20","Chart-10","org.jfree.chart.imagemap.StandardToolTipTagFragmentGenerator",0,0
"186","BBC-F0-20","Chart-2","org.jfree.data.general.DatasetUtilities",0,30
"187","BBC-F0-20","Chart-4","org.jfree.chart.plot.XYPlot",0,12
"188","BBC-F0-20","Chart-5","org.jfree.data.xy.XYSeries",0,0
"189","BBC-F0-20","Chart-9","org.jfree.data.time.TimeSeries",0,0
"190","BBC-F0-20","Cli-31","org.apache.commons.cli.HelpFormatter",0,0
"191","BBC-F0-20","Cli-31","org.apache.commons.cli.Option",0,0
"192","BBC-F0-20","Cli-31","org.apache.commons.cli.OptionBuilder",0,0
"193","BBC-F0-20","Cli-32","org.apache.commons.cli.HelpFormatter",0,24
"194","BBC-F0-20","Cli-33","org.apache.commons.cli.HelpFormatter",0,0
"195","BBC-F0-20","Cli-35","org.apache.commons.cli.Options",0,0
"196","BBC-F0-20","Closure-108","com.google.javascript.jscomp.ScopedAliases",0,0
"197","BBC-F0-20","Codec-10","org.apache.commons.codec.language.Caverphone",0,0
"198","BBC-F0-20","Codec-11","org.apache.commons.codec.net.QuotedPrintableCodec",0,30
"199","BBC-F0-20","Codec-13","org.apache.commons.codec.binary.StringUtils",0,0
"200","BBC-F0-20","Codec-13","org.apache.commons.codec.language.DoubleMetaphone",0,26
"201","BBC-F0-20","Codec-16","org.apache.commons.codec.binary.Base32",0,0
"202","BBC-F0-20","Codec-17","org.apache.commons.codec.binary.StringUtils",0,30
"203","BBC-F0-20","Codec-18","org.apache.commons.codec.binary.StringUtils",0,0
"204","BBC-F0-20","Codec-9","org.apache.commons.codec.binary.Base64",0,0
"205","BBC-F0-20","Collections-25","org.apache.commons.collections4.IteratorUtils",0,0
"206","BBC-F0-20","Collections-28","org.apache.commons.collections4.trie.AbstractPatriciaTrie",0,0
"207","BBC-F0-20","Compress-38","org.apache.commons.compress.archivers.tar.TarArchiveEntry",0,0
"208","BBC-F0-20","Compress-45","org.apache.commons.compress.archivers.tar.TarUtils",0,0
"209","BBC-F0-20","Csv-11","org.apache.commons.csv.CSVParser",0,30
"210","BBC-F0-20","Csv-12","org.apache.commons.csv.CSVFormat",0,0
"211","BBC-F0-20","Csv-8","org.apache.commons.csv.CSVFormat",0,0
"212","BBC-F0-20","Csv-9","org.apache.commons.csv.CSVRecord",0,27
"213","BBC-F0-20","Gson-10","com.google.gson.internal.bind.ReflectiveTypeAdapterFactory",0,0
"214","BBC-F0-20","Gson-11","com.google.gson.internal.bind.TypeAdapters",0,0
"215","BBC-F0-20","Gson-12","com.google.gson.internal.bind.JsonTreeReader",0,30
"216","BBC-F0-20","Gson-13","com.google.gson.stream.JsonReader",0,0
"217","BBC-F0-20","Gson-14","com.google.gson.internal.$Gson$Types",0,0
"218","BBC-F0-20","Gson-15","com.google.gson.stream.JsonWriter",0,0
"219","BBC-F0-20","Gson-16","com.google.gson.internal.$Gson$Types",0,0
"220","BBC-F0-20","Gson-17","com.google.gson.DefaultDateTypeAdapter",0,30
"221","BBC-F0-20","Gson-18","com.google.gson.internal.$Gson$Types",0,0
"222","BBC-F0-20","Gson-9","com.google.gson.internal.bind.JsonTreeWriter",0,0
"223","BBC-F0-20","Gson-9","com.google.gson.internal.bind.TypeAdapters",0,18
"224","BBC-F0-20","Gson-9","com.google.gson.stream.JsonWriter",0,30
"225","BBC-F0-20","JacksonCore-17","com.fasterxml.jackson.core.json.UTF8JsonGenerator",0,0
"226","BBC-F0-20","JacksonCore-19","com.fasterxml.jackson.core.json.ReaderBasedJsonParser",0,0
"227","BBC-F0-20","JacksonCore-19","com.fasterxml.jackson.core.json.UTF8StreamJsonParser",0,0
"228","BBC-F0-20","JacksonCore-20","com.fasterxml.jackson.core.JsonGenerator",0,29
"229","BBC-F0-20","JacksonCore-21","com.fasterxml.jackson.core.filter.FilteringParserDelegate",0,0
"230","BBC-F0-20","JacksonCore-22","com.fasterxml.jackson.core.filter.FilteringParserDelegate",0,0
"231","BBC-F0-20","JacksonCore-24","com.fasterxml.jackson.core.base.ParserBase",0,0
"232","BBC-F0-20","JacksonCore-24","com.fasterxml.jackson.core.base.ParserMinimalBase",0,0
"233","BBC-F0-20","JacksonCore-25","com.fasterxml.jackson.core.json.ReaderBasedJsonParser",0,0
"234","BBC-F0-20","JacksonDatabind-104","com.fasterxml.jackson.databind.util.StdDateFormat",0,0
"235","BBC-F0-20","JacksonDatabind-105","com.fasterxml.jackson.databind.deser.std.JdkDeserializers",0,0
"236","BBC-F0-20","JacksonDatabind-107","com.fasterxml.jackson.databind.jsontype.impl.TypeDeserializerBase",0,0
"237","BBC-F0-20","JacksonDatabind-109","com.fasterxml.jackson.databind.ser.std.NumberSerializer",0,0
"238","BBC-F0-20","JacksonDatabind-109","com.fasterxml.jackson.databind.ser.std.NumberSerializers",0,0
"239","BBC-F0-20","JacksonDatabind-110","com.fasterxml.jackson.databind.deser.impl.JavaUtilCollectionsDeserializers",0,0
"240","BBC-F0-20","JacksonDatabind-112","com.fasterxml.jackson.databind.deser.std.StringCollectionDeserializer",0,0
"241","BBC-F0-20","JacksonXml-3","com.fasterxml.jackson.dataformat.xml.deser.FromXmlParser",0,0
"242","BBC-F0-20","JacksonXml-4","com.fasterxml.jackson.dataformat.xml.ser.XmlSerializerProvider",0,0
"243","BBC-F0-20","JacksonXml-6","com.fasterxml.jackson.dataformat.xml.ser.ToXmlGenerator",0,0
"244","BBC-F0-20","Jsoup-84","org.jsoup.helper.W3CDom",0,10
"245","BBC-F0-20","Jsoup-86","org.jsoup.nodes.Comment",0,0
"246","BBC-F0-20","Jsoup-89","org.jsoup.nodes.Attribute",0,30
"247","BBC-F0-20","Jsoup-90","org.jsoup.helper.HttpConnection",0,0
"248","BBC-F0-20","JxPath-13","org.apache.commons.jxpath.ri.model.dom.DOMNodePointer",0,0
"249","BBC-F0-20","JxPath-13","org.apache.commons.jxpath.ri.NamespaceResolver",0,0
"250","BBC-F0-20","JxPath-16","org.apache.commons.jxpath.ri.model.dom.DOMNodePointer",0,0
"251","BBC-F0-20","JxPath-16","org.apache.commons.jxpath.ri.model.jdom.JDOMNodePointer",0,0
"252","BBC-F0-20","JxPath-22","org.apache.commons.jxpath.ri.model.dom.DOMNodePointer",0,0
"253","BBC-F0-20","Lang-1","org.apache.commons.lang3.math.NumberUtils",0,0
"254","BBC-F0-20","Lang-5","org.apache.commons.lang3.LocaleUtils",0,0
"255","BBC-F0-20","Lang-6","org.apache.commons.lang3.text.translate.CharSequenceTranslator",0,0
"256","BBC-F0-20","Math-1","org.apache.commons.math3.fraction.BigFraction",0,28
"257","BBC-F0-20","Math-1","org.apache.commons.math3.fraction.Fraction",0,30
"258","BBC-F0-20","Math-3","org.apache.commons.math3.util.MathArrays",0,8
"259","BBC-F0-20","Math-4","org.apache.commons.math3.geometry.euclidean.threed.SubLine",0,19
"260","BBC-F0-20","Math-4","org.apache.commons.math3.geometry.euclidean.twod.SubLine",0,26
"261","BBC-F0-20","Math-8","org.apache.commons.math3.distribution.DiscreteDistribution",0,14
"262","BBC-F0-20","Mockito-1","org.mockito.internal.invocation.InvocationMatcher",0,0
"263","BBC-F0-20","Mockito-18","org.mockito.internal.stubbing.defaultanswers.ReturnsEmptyValues",0,30
"264","BBC-F0-20","Mockito-20","org.mockito.internal.creation.bytebuddy.ByteBuddyMockMaker",0,0
"265","BBC-F0-20","Mockito-3","org.mockito.internal.invocation.InvocationMatcher",0,0
"266","BBC-F0-20","Mockito-4","org.mockito.exceptions.Reporter",0,0
"267","BBC-F0-20","Mockito-6","org.mockito.Matchers",0,0
"268","BBC-F0-20","Mockito-7","org.mockito.internal.util.reflection.GenericMetadataSupport",0,0
"269","BBC-F0-20","Time-10","org.joda.time.base.BaseSingleFieldPeriod",0,1
"270","BBC-F0-20","Time-2","org.joda.time.field.UnsupportedDurationField",0,0
"271","BBC-F0-20","Time-2","org.joda.time.Partial",0,0
"272","BBC-F0-20","Time-3","org.joda.time.MutableDateTime",0,0
"273","BBC-F0-20","Time-5","org.joda.time.Period",0,30
"274","BBC-F0-20","Time-6","org.joda.time.chrono.GJChronology",0,20
"275","BBC-F0-20","Time-7","org.joda.time.format.DateTimeFormatter",0,3
"276","BBC-F0-20","Time-8","org.joda.time.DateTimeZone",0,0
"277","BBC-F0-30","Chart-10","org.jfree.chart.imagemap.StandardToolTipTagFragmentGenerator",0,0
"278","BBC-F0-30","Chart-2","org.jfree.data.general.DatasetUtilities",0,30
"279","BBC-F0-30","Chart-4","org.jfree.chart.plot.XYPlot",0,14
"280","BBC-F0-30","Chart-5","org.jfree.data.xy.XYSeries",0,0
"281","BBC-F0-30","Chart-9","org.jfree.data.time.TimeSeries",0,0
"282","BBC-F0-30","Cli-31","org.apache.commons.cli.HelpFormatter",0,0
"283","BBC-F0-30","Cli-31","org.apache.commons.cli.Option",0,0
"284","BBC-F0-30","Cli-31","org.apache.commons.cli.OptionBuilder",0,0
"285","BBC-F0-30","Cli-32","org.apache.commons.cli.HelpFormatter",0,27
"286","BBC-F0-30","Cli-33","org.apache.commons.cli.HelpFormatter",0,0
"287","BBC-F0-30","Cli-35","org.apache.commons.cli.Options",0,0
"288","BBC-F0-30","Closure-108","com.google.javascript.jscomp.ScopedAliases",0,0
"289","BBC-F0-30","Codec-10","org.apache.commons.codec.language.Caverphone",0,0
"290","BBC-F0-30","Codec-11","org.apache.commons.codec.net.QuotedPrintableCodec",0,30
"291","BBC-F0-30","Codec-13","org.apache.commons.codec.binary.StringUtils",0,0
"292","BBC-F0-30","Codec-13","org.apache.commons.codec.language.DoubleMetaphone",0,26
"293","BBC-F0-30","Codec-16","org.apache.commons.codec.binary.Base32",0,0
"294","BBC-F0-30","Codec-17","org.apache.commons.codec.binary.StringUtils",0,30
"295","BBC-F0-30","Codec-18","org.apache.commons.codec.binary.StringUtils",0,0
"296","BBC-F0-30","Codec-9","org.apache.commons.codec.binary.Base64",0,0
"297","BBC-F0-30","Collections-25","org.apache.commons.collections4.IteratorUtils",0,0
"298","BBC-F0-30","Collections-28","org.apache.commons.collections4.trie.AbstractPatriciaTrie",0,0
"299","BBC-F0-30","Compress-38","org.apache.commons.compress.archivers.tar.TarArchiveEntry",0,0
"300","BBC-F0-30","Compress-45","org.apache.commons.compress.archivers.tar.TarUtils",0,0
"301","BBC-F0-30","Csv-11","org.apache.commons.csv.CSVParser",0,30
"302","BBC-F0-30","Csv-12","org.apache.commons.csv.CSVFormat",0,0
"303","BBC-F0-30","Csv-8","org.apache.commons.csv.CSVFormat",0,0
"304","BBC-F0-30","Csv-9","org.apache.commons.csv.CSVRecord",0,26
"305","BBC-F0-30","Gson-10","com.google.gson.internal.bind.ReflectiveTypeAdapterFactory",0,0
"306","BBC-F0-30","Gson-11","com.google.gson.internal.bind.TypeAdapters",0,0
"307","BBC-F0-30","Gson-12","com.google.gson.internal.bind.JsonTreeReader",0,30
"308","BBC-F0-30","Gson-13","com.google.gson.stream.JsonReader",0,0
"309","BBC-F0-30","Gson-14","com.google.gson.internal.$Gson$Types",0,0
"310","BBC-F0-30","Gson-15","com.google.gson.stream.JsonWriter",0,0
"311","BBC-F0-30","Gson-16","com.google.gson.internal.$Gson$Types",0,0
"312","BBC-F0-30","Gson-17","com.google.gson.DefaultDateTypeAdapter",0,28
"313","BBC-F0-30","Gson-18","com.google.gson.internal.$Gson$Types",0,0
"314","BBC-F0-30","Gson-9","com.google.gson.internal.bind.JsonTreeWriter",0,0
"315","BBC-F0-30","Gson-9","com.google.gson.internal.bind.TypeAdapters",0,18
"316","BBC-F0-30","Gson-9","com.google.gson.stream.JsonWriter",0,30
"317","BBC-F0-30","JacksonCore-17","com.fasterxml.jackson.core.json.UTF8JsonGenerator",0,0
"318","BBC-F0-30","JacksonCore-19","com.fasterxml.jackson.core.json.ReaderBasedJsonParser",0,0
"319","BBC-F0-30","JacksonCore-19","com.fasterxml.jackson.core.json.UTF8StreamJsonParser",0,0
"320","BBC-F0-30","JacksonCore-20","com.fasterxml.jackson.core.JsonGenerator",0,30
"321","BBC-F0-30","JacksonCore-21","com.fasterxml.jackson.core.filter.FilteringParserDelegate",0,0
"322","BBC-F0-30","JacksonCore-22","com.fasterxml.jackson.core.filter.FilteringParserDelegate",0,0
"323","BBC-F0-30","JacksonCore-24","com.fasterxml.jackson.core.base.ParserBase",0,0
"324","BBC-F0-30","JacksonCore-24","com.fasterxml.jackson.core.base.ParserMinimalBase",0,0
"325","BBC-F0-30","JacksonCore-25","com.fasterxml.jackson.core.json.ReaderBasedJsonParser",0,0
"326","BBC-F0-30","JacksonDatabind-104","com.fasterxml.jackson.databind.util.StdDateFormat",0,0
"327","BBC-F0-30","JacksonDatabind-105","com.fasterxml.jackson.databind.deser.std.JdkDeserializers",0,0
"328","BBC-F0-30","JacksonDatabind-107","com.fasterxml.jackson.databind.jsontype.impl.TypeDeserializerBase",0,0
"329","BBC-F0-30","JacksonDatabind-109","com.fasterxml.jackson.databind.ser.std.NumberSerializer",0,0
"330","BBC-F0-30","JacksonDatabind-109","com.fasterxml.jackson.databind.ser.std.NumberSerializers",0,0
"331","BBC-F0-30","JacksonDatabind-110","com.fasterxml.jackson.databind.deser.impl.JavaUtilCollectionsDeserializers",0,0
"332","BBC-F0-30","JacksonDatabind-112","com.fasterxml.jackson.databind.deser.std.StringCollectionDeserializer",0,0
"333","BBC-F0-30","JacksonXml-3","com.fasterxml.jackson.dataformat.xml.deser.FromXmlParser",0,0
"334","BBC-F0-30","JacksonXml-4","com.fasterxml.jackson.dataformat.xml.ser.XmlSerializerProvider",0,0
"335","BBC-F0-30","JacksonXml-6","com.fasterxml.jackson.dataformat.xml.ser.ToXmlGenerator",0,0
"336","BBC-F0-30","Jsoup-84","org.jsoup.helper.W3CDom",0,8
"337","BBC-F0-30","Jsoup-86","org.jsoup.nodes.Comment",0,0
"338","BBC-F0-30","Jsoup-89","org.jsoup.nodes.Attribute",0,30
"339","BBC-F0-30","Jsoup-90","org.jsoup.helper.HttpConnection",0,0
"340","BBC-F0-30","JxPath-13","org.apache.commons.jxpath.ri.model.dom.DOMNodePointer",0,0
"341","BBC-F0-30","JxPath-13","org.apache.commons.jxpath.ri.NamespaceResolver",0,0
"342","BBC-F0-30","JxPath-16","org.apache.commons.jxpath.ri.model.dom.DOMNodePointer",0,0
"343","BBC-F0-30","JxPath-16","org.apache.commons.jxpath.ri.model.jdom.JDOMNodePointer",0,0
"344","BBC-F0-30","JxPath-22","org.apache.commons.jxpath.ri.model.dom.DOMNodePointer",0,0
"345","BBC-F0-30","Lang-1","org.apache.commons.lang3.math.NumberUtils",0,0
"346","BBC-F0-30","Lang-5","org.apache.commons.lang3.LocaleUtils",0,0
"347","BBC-F0-30","Lang-6","org.apache.commons.lang3.text.translate.CharSequenceTranslator",0,0
"348","BBC-F0-30","Math-1","org.apache.commons.math3.fraction.BigFraction",0,26
"349","BBC-F0-30","Math-1","org.apache.commons.math3.fraction.Fraction",0,29
"350","BBC-F0-30","Math-3","org.apache.commons.math3.util.MathArrays",0,14
"351","BBC-F0-30","Math-4","org.apache.commons.math3.geometry.euclidean.threed.SubLine",0,17
"352","BBC-F0-30","Math-4","org.apache.commons.math3.geometry.euclidean.twod.SubLine",0,26
"353","BBC-F0-30","Math-8","org.apache.commons.math3.distribution.DiscreteDistribution",0,10
"354","BBC-F0-30","Mockito-1","org.mockito.internal.invocation.InvocationMatcher",0,0
"355","BBC-F0-30","Mockito-18","org.mockito.internal.stubbing.defaultanswers.ReturnsEmptyValues",0,30
"356","BBC-F0-30","Mockito-20","org.mockito.internal.creation.bytebuddy.ByteBuddyMockMaker",0,0
"357","BBC-F0-30","Mockito-3","org.mockito.internal.invocation.InvocationMatcher",0,1
"358","BBC-F0-30","Mockito-4","org.mockito.exceptions.Reporter",0,0
"359","BBC-F0-30","Mockito-6","org.mockito.Matchers",0,0
"360","BBC-F0-30","Mockito-7","org.mockito.internal.util.reflection.GenericMetadataSupport",0,0
"361","BBC-F0-30","Time-10","org.joda.time.base.BaseSingleFieldPeriod",0,1
"362","BBC-F0-30","Time-2","org.joda.time.field.UnsupportedDurationField",0,0
"363","BBC-F0-30","Time-2","org.joda.time.Partial",0,0
"364","BBC-F0-30","Time-3","org.joda.time.MutableDateTime",0,0
"365","BBC-F0-30","Time-5","org.joda.time.Period",0,29
"366","BBC-F0-30","Time-6","org.joda.time.chrono.GJChronology",0,17
"367","BBC-F0-30","Time-7","org.joda.time.format.DateTimeFormatter",0,2
"368","BBC-F0-30","Time-8","org.joda.time.DateTimeZone",0,0
"369","BBC-F0-40","Chart-10","org.jfree.chart.imagemap.StandardToolTipTagFragmentGenerator",0,0
"370","BBC-F0-40","Chart-2","org.jfree.data.general.DatasetUtilities",0,30
"371","BBC-F0-40","Chart-4","org.jfree.chart.plot.XYPlot",0,14
"372","BBC-F0-40","Chart-5","org.jfree.data.xy.XYSeries",0,0
"373","BBC-F0-40","Chart-9","org.jfree.data.time.TimeSeries",0,0
"374","BBC-F0-40","Cli-31","org.apache.commons.cli.HelpFormatter",0,0
"375","BBC-F0-40","Cli-31","org.apache.commons.cli.Option",0,0
"376","BBC-F0-40","Cli-31","org.apache.commons.cli.OptionBuilder",0,0
"377","BBC-F0-40","Cli-32","org.apache.commons.cli.HelpFormatter",0,24
"378","BBC-F0-40","Cli-33","org.apache.commons.cli.HelpFormatter",0,0
"379","BBC-F0-40","Cli-35","org.apache.commons.cli.Options",0,0
"380","BBC-F0-40","Closure-108","com.google.javascript.jscomp.ScopedAliases",0,0
"381","BBC-F0-40","Codec-10","org.apache.commons.codec.language.Caverphone",0,0
"382","BBC-F0-40","Codec-11","org.apache.commons.codec.net.QuotedPrintableCodec",0,29
"383","BBC-F0-40","Codec-13","org.apache.commons.codec.binary.StringUtils",0,0
"384","BBC-F0-40","Codec-13","org.apache.commons.codec.language.DoubleMetaphone",0,27
"385","BBC-F0-40","Codec-16","org.apache.commons.codec.binary.Base32",0,0
"386","BBC-F0-40","Codec-17","org.apache.commons.codec.binary.StringUtils",0,30
"387","BBC-F0-40","Codec-18","org.apache.commons.codec.binary.StringUtils",0,0
"388","BBC-F0-40","Codec-9","org.apache.commons.codec.binary.Base64",0,0
"389","BBC-F0-40","Collections-25","org.apache.commons.collections4.IteratorUtils",0,1
"390","BBC-F0-40","Collections-28","org.apache.commons.collections4.trie.AbstractPatriciaTrie",0,0
"391","BBC-F0-40","Compress-38","org.apache.commons.compress.archivers.tar.TarArchiveEntry",0,0
"392","BBC-F0-40","Compress-45","org.apache.commons.compress.archivers.tar.TarUtils",0,0
"393","BBC-F0-40","Csv-11","org.apache.commons.csv.CSVParser",0,29
"394","BBC-F0-40","Csv-12","org.apache.commons.csv.CSVFormat",0,0
"395","BBC-F0-40","Csv-8","org.apache.commons.csv.CSVFormat",0,0
"396","BBC-F0-40","Csv-9","org.apache.commons.csv.CSVRecord",0,25
"397","BBC-F0-40","Gson-10","com.google.gson.internal.bind.ReflectiveTypeAdapterFactory",0,0
"398","BBC-F0-40","Gson-11","com.google.gson.internal.bind.TypeAdapters",0,0
"399","BBC-F0-40","Gson-12","com.google.gson.internal.bind.JsonTreeReader",0,29
"400","BBC-F0-40","Gson-13","com.google.gson.stream.JsonReader",0,0
"401","BBC-F0-40","Gson-14","com.google.gson.internal.$Gson$Types",0,0
"402","BBC-F0-40","Gson-15","com.google.gson.stream.JsonWriter",0,0
"403","BBC-F0-40","Gson-16","com.google.gson.internal.$Gson$Types",0,0
"404","BBC-F0-40","Gson-17","com.google.gson.DefaultDateTypeAdapter",0,29
"405","BBC-F0-40","Gson-18","com.google.gson.internal.$Gson$Types",0,0
"406","BBC-F0-40","Gson-9","com.google.gson.internal.bind.JsonTreeWriter",0,0
"407","BBC-F0-40","Gson-9","com.google.gson.internal.bind.TypeAdapters",0,20
"408","BBC-F0-40","Gson-9","com.google.gson.stream.JsonWriter",0,30
"409","BBC-F0-40","JacksonCore-17","com.fasterxml.jackson.core.json.UTF8JsonGenerator",0,0
"410","BBC-F0-40","JacksonCore-19","com.fasterxml.jackson.core.json.ReaderBasedJsonParser",0,0
"411","BBC-F0-40","JacksonCore-19","com.fasterxml.jackson.core.json.UTF8StreamJsonParser",0,0
"412","BBC-F0-40","JacksonCore-20","com.fasterxml.jackson.core.JsonGenerator",0,30
"413","BBC-F0-40","JacksonCore-21","com.fasterxml.jackson.core.filter.FilteringParserDelegate",0,0
"414","BBC-F0-40","JacksonCore-22","com.fasterxml.jackson.core.filter.FilteringParserDelegate",0,0
"415","BBC-F0-40","JacksonCore-24","com.fasterxml.jackson.core.base.ParserBase",0,0
"416","BBC-F0-40","JacksonCore-24","com.fasterxml.jackson.core.base.ParserMinimalBase",0,0
"417","BBC-F0-40","JacksonCore-25","com.fasterxml.jackson.core.json.ReaderBasedJsonParser",0,0
"418","BBC-F0-40","JacksonDatabind-104","com.fasterxml.jackson.databind.util.StdDateFormat",0,0
"419","BBC-F0-40","JacksonDatabind-105","com.fasterxml.jackson.databind.deser.std.JdkDeserializers",0,0
"420","BBC-F0-40","JacksonDatabind-107","com.fasterxml.jackson.databind.jsontype.impl.TypeDeserializerBase",0,0
"421","BBC-F0-40","JacksonDatabind-109","com.fasterxml.jackson.databind.ser.std.NumberSerializer",0,0
"422","BBC-F0-40","JacksonDatabind-109","com.fasterxml.jackson.databind.ser.std.NumberSerializers",0,0
"423","BBC-F0-40","JacksonDatabind-110","com.fasterxml.jackson.databind.deser.impl.JavaUtilCollectionsDeserializers",0,0
"424","BBC-F0-40","JacksonDatabind-112","com.fasterxml.jackson.databind.deser.std.StringCollectionDeserializer",0,0
"425","BBC-F0-40","JacksonXml-3","com.fasterxml.jackson.dataformat.xml.deser.FromXmlParser",0,0
"426","BBC-F0-40","JacksonXml-4","com.fasterxml.jackson.dataformat.xml.ser.XmlSerializerProvider",0,0
"427","BBC-F0-40","JacksonXml-6","com.fasterxml.jackson.dataformat.xml.ser.ToXmlGenerator",0,0
"428","BBC-F0-40","Jsoup-84","org.jsoup.helper.W3CDom",0,12
"429","BBC-F0-40","Jsoup-86","org.jsoup.nodes.Comment",0,0
"430","BBC-F0-40","Jsoup-89","org.jsoup.nodes.Attribute",0,30
"431","BBC-F0-40","Jsoup-90","org.jsoup.helper.HttpConnection",0,0
"432","BBC-F0-40","JxPath-13","org.apache.commons.jxpath.ri.model.dom.DOMNodePointer",0,0
"433","BBC-F0-40","JxPath-13","org.apache.commons.jxpath.ri.NamespaceResolver",0,0
"434","BBC-F0-40","JxPath-16","org.apache.commons.jxpath.ri.model.dom.DOMNodePointer",0,0
"435","BBC-F0-40","JxPath-16","org.apache.commons.jxpath.ri.model.jdom.JDOMNodePointer",0,0
"436","BBC-F0-40","JxPath-22","org.apache.commons.jxpath.ri.model.dom.DOMNodePointer",0,0
"437","BBC-F0-40","Lang-1","org.apache.commons.lang3.math.NumberUtils",0,0
"438","BBC-F0-40","Lang-5","org.apache.commons.lang3.LocaleUtils",0,0
"439","BBC-F0-40","Lang-6","org.apache.commons.lang3.text.translate.CharSequenceTranslator",0,0
"440","BBC-F0-40","Math-1","org.apache.commons.math3.fraction.BigFraction",0,28
"441","BBC-F0-40","Math-1","org.apache.commons.math3.fraction.Fraction",0,29
"442","BBC-F0-40","Math-3","org.apache.commons.math3.util.MathArrays",0,4
"443","BBC-F0-40","Math-4","org.apache.commons.math3.geometry.euclidean.threed.SubLine",0,19
"444","BBC-F0-40","Math-4","org.apache.commons.math3.geometry.euclidean.twod.SubLine",0,27
"445","BBC-F0-40","Math-8","org.apache.commons.math3.distribution.DiscreteDistribution",0,12
"446","BBC-F0-40","Mockito-1","org.mockito.internal.invocation.InvocationMatcher",0,0
"447","BBC-F0-40","Mockito-18","org.mockito.internal.stubbing.defaultanswers.ReturnsEmptyValues",0,30
"448","BBC-F0-40","Mockito-20","org.mockito.internal.creation.bytebuddy.ByteBuddyMockMaker",0,0
"449","BBC-F0-40","Mockito-3","org.mockito.internal.invocation.InvocationMatcher",0,0
"450","BBC-F0-40","Mockito-4","org.mockito.exceptions.Reporter",0,0
"451","BBC-F0-40","Mockito-6","org.mockito.Matchers",0,0
"452","BBC-F0-40","Mockito-7","org.mockito.internal.util.reflection.GenericMetadataSupport",0,0
"453","BBC-F0-40","Time-10","org.joda.time.base.BaseSingleFieldPeriod",0,2
"454","BBC-F0-40","Time-2","org.joda.time.field.UnsupportedDurationField",0,0
"455","BBC-F0-40","Time-2","org.joda.time.Partial",0,0
"456","BBC-F0-40","Time-3","org.joda.time.MutableDateTime",0,0
"457","BBC-F0-40","Time-5","org.joda.time.Period",0,30
"458","BBC-F0-40","Time-6","org.joda.time.chrono.GJChronology",0,17
"459","BBC-F0-40","Time-7","org.joda.time.format.DateTimeFormatter",0,0
"460","BBC-F0-40","Time-8","org.joda.time.DateTimeZone",0,0
"461","BBC-F0-50","Chart-10","org.jfree.chart.imagemap.StandardToolTipTagFragmentGenerator",0,0
"462","BBC-F0-50","Chart-2","org.jfree.data.general.DatasetUtilities",0,30
"463","BBC-F0-50","Chart-4","org.jfree.chart.plot.XYPlot",0,13
"464","BBC-F0-50","Chart-5","org.jfree.data.xy.XYSeries",0,0
"465","BBC-F0-50","Chart-9","org.jfree.data.time.TimeSeries",0,0
"466","BBC-F0-50","Cli-31","org.apache.commons.cli.HelpFormatter",0,0
"467","BBC-F0-50","Cli-31","org.apache.commons.cli.Option",0,0
"468","BBC-F0-50","Cli-31","org.apache.commons.cli.OptionBuilder",0,0
"469","BBC-F0-50","Cli-32","org.apache.commons.cli.HelpFormatter",0,25
"470","BBC-F0-50","Cli-33","org.apache.commons.cli.HelpFormatter",0,0
"471","BBC-F0-50","Cli-35","org.apache.commons.cli.Options",0,0
"472","BBC-F0-50","Closure-108","com.google.javascript.jscomp.ScopedAliases",0,0
"473","BBC-F0-50","Codec-10","org.apache.commons.codec.language.Caverphone",0,0
"474","BBC-F0-50","Codec-11","org.apache.commons.codec.net.QuotedPrintableCodec",0,30
"475","BBC-F0-50","Codec-13","org.apache.commons.codec.binary.StringUtils",0,0
"476","BBC-F0-50","Codec-13","org.apache.commons.codec.language.DoubleMetaphone",0,29
"477","BBC-F0-50","Codec-16","org.apache.commons.codec.binary.Base32",0,0
"478","BBC-F0-50","Codec-17","org.apache.commons.codec.binary.StringUtils",0,30
"479","BBC-F0-50","Codec-18","org.apache.commons.codec.binary.StringUtils",0,0
"480","BBC-F0-50","Codec-9","org.apache.commons.codec.binary.Base64",0,0
"481","BBC-F0-50","Collections-25","org.apache.commons.collections4.IteratorUtils",0,0
"482","BBC-F0-50","Collections-28","org.apache.commons.collections4.trie.AbstractPatriciaTrie",0,0
"483","BBC-F0-50","Compress-38","org.apache.commons.compress.archivers.tar.TarArchiveEntry",0,0
"484","BBC-F0-50","Compress-45","org.apache.commons.compress.archivers.tar.TarUtils",0,0
"485","BBC-F0-50","Csv-11","org.apache.commons.csv.CSVParser",0,30
"486","BBC-F0-50","Csv-12","org.apache.commons.csv.CSVFormat",0,0
"487","BBC-F0-50","Csv-8","org.apache.commons.csv.CSVFormat",0,0
"488","BBC-F0-50","Csv-9","org.apache.commons.csv.CSVRecord",0,26
"489","BBC-F0-50","Gson-10","com.google.gson.internal.bind.ReflectiveTypeAdapterFactory",0,0
"490","BBC-F0-50","Gson-11","com.google.gson.internal.bind.TypeAdapters",0,0
"491","BBC-F0-50","Gson-12","com.google.gson.internal.bind.JsonTreeReader",0,29
"492","BBC-F0-50","Gson-13","com.google.gson.stream.JsonReader",0,0
"493","BBC-F0-50","Gson-14","com.google.gson.internal.$Gson$Types",0,0
"494","BBC-F0-50","Gson-15","com.google.gson.stream.JsonWriter",0,0
"495","BBC-F0-50","Gson-16","com.google.gson.internal.$Gson$Types",0,0
"496","BBC-F0-50","Gson-17","com.google.gson.DefaultDateTypeAdapter",0,29
"497","BBC-F0-50","Gson-18","com.google.gson.internal.$Gson$Types",0,0
"498","BBC-F0-50","Gson-9","com.google.gson.internal.bind.JsonTreeWriter",0,0
"499","BBC-F0-50","Gson-9","com.google.gson.internal.bind.TypeAdapters",0,27
"500","BBC-F0-50","Gson-9","com.google.gson.stream.JsonWriter",0,29
"501","BBC-F0-50","JacksonCore-17","com.fasterxml.jackson.core.json.UTF8JsonGenerator",0,0
"502","BBC-F0-50","JacksonCore-19","com.fasterxml.jackson.core.json.ReaderBasedJsonParser",0,0
"503","BBC-F0-50","JacksonCore-19","com.fasterxml.jackson.core.json.UTF8StreamJsonParser",0,0
"504","BBC-F0-50","JacksonCore-20","com.fasterxml.jackson.core.JsonGenerator",0,30
"505","BBC-F0-50","JacksonCore-21","com.fasterxml.jackson.core.filter.FilteringParserDelegate",0,0
"506","BBC-F0-50","JacksonCore-22","com.fasterxml.jackson.core.filter.FilteringParserDelegate",0,0
"507","BBC-F0-50","JacksonCore-24","com.fasterxml.jackson.core.base.ParserBase",0,0
"508","BBC-F0-50","JacksonCore-24","com.fasterxml.jackson.core.base.ParserMinimalBase",0,0
"509","BBC-F0-50","JacksonCore-25","com.fasterxml.jackson.core.json.ReaderBasedJsonParser",0,0
"510","BBC-F0-50","JacksonDatabind-104","com.fasterxml.jackson.databind.util.StdDateFormat",0,0
"511","BBC-F0-50","JacksonDatabind-105","com.fasterxml.jackson.databind.deser.std.JdkDeserializers",0,0
"512","BBC-F0-50","JacksonDatabind-107","com.fasterxml.jackson.databind.jsontype.impl.TypeDeserializerBase",0,0
"513","BBC-F0-50","JacksonDatabind-109","com.fasterxml.jackson.databind.ser.std.NumberSerializer",0,0
"514","BBC-F0-50","JacksonDatabind-109","com.fasterxml.jackson.databind.ser.std.NumberSerializers",0,0
"515","BBC-F0-50","JacksonDatabind-110","com.fasterxml.jackson.databind.deser.impl.JavaUtilCollectionsDeserializers",0,0
"516","BBC-F0-50","JacksonDatabind-112","com.fasterxml.jackson.databind.deser.std.StringCollectionDeserializer",0,0
"517","BBC-F0-50","JacksonXml-3","com.fasterxml.jackson.dataformat.xml.deser.FromXmlParser",0,0
"518","BBC-F0-50","JacksonXml-4","com.fasterxml.jackson.dataformat.xml.ser.XmlSerializerProvider",0,0
"519","BBC-F0-50","JacksonXml-6","com.fasterxml.jackson.dataformat.xml.ser.ToXmlGenerator",0,0
"520","BBC-F0-50","Jsoup-84","org.jsoup.helper.W3CDom",0,16
"521","BBC-F0-50","Jsoup-86","org.jsoup.nodes.Comment",0,0
"522","BBC-F0-50","Jsoup-89","org.jsoup.nodes.Attribute",0,29
"523","BBC-F0-50","Jsoup-90","org.jsoup.helper.HttpConnection",0,0
"524","BBC-F0-50","JxPath-13","org.apache.commons.jxpath.ri.model.dom.DOMNodePointer",0,0
"525","BBC-F0-50","JxPath-13","org.apache.commons.jxpath.ri.NamespaceResolver",0,0
"526","BBC-F0-50","JxPath-16","org.apache.commons.jxpath.ri.model.dom.DOMNodePointer",0,0
"527","BBC-F0-50","JxPath-16","org.apache.commons.jxpath.ri.model.jdom.JDOMNodePointer",0,0
"528","BBC-F0-50","JxPath-22","org.apache.commons.jxpath.ri.model.dom.DOMNodePointer",0,0
"529","BBC-F0-50","Lang-1","org.apache.commons.lang3.math.NumberUtils",0,0
"530","BBC-F0-50","Lang-5","org.apache.commons.lang3.LocaleUtils",0,0
"531","BBC-F0-50","Lang-6","org.apache.commons.lang3.text.translate.CharSequenceTranslator",0,0
"532","BBC-F0-50","Math-1","org.apache.commons.math3.fraction.BigFraction",0,28
"533","BBC-F0-50","Math-1","org.apache.commons.math3.fraction.Fraction",0,30
"534","BBC-F0-50","Math-3","org.apache.commons.math3.util.MathArrays",0,12
"535","BBC-F0-50","Math-4","org.apache.commons.math3.geometry.euclidean.threed.SubLine",0,24
"536","BBC-F0-50","Math-4","org.apache.commons.math3.geometry.euclidean.twod.SubLine",0,26
"537","BBC-F0-50","Math-8","org.apache.commons.math3.distribution.DiscreteDistribution",0,12
"538","BBC-F0-50","Mockito-1","org.mockito.internal.invocation.InvocationMatcher",0,0
"539","BBC-F0-50","Mockito-18","org.mockito.internal.stubbing.defaultanswers.ReturnsEmptyValues",0,30
"540","BBC-F0-50","Mockito-20","org.mockito.internal.creation.bytebuddy.ByteBuddyMockMaker",0,0
"541","BBC-F0-50","Mockito-3","org.mockito.internal.invocation.InvocationMatcher",0,0
"542","BBC-F0-50","Mockito-4","org.mockito.exceptions.Reporter",0,0
"543","BBC-F0-50","Mockito-6","org.mockito.Matchers",0,0
"544","BBC-F0-50","Mockito-7","org.mockito.internal.util.reflection.GenericMetadataSupport",0,0
"545","BBC-F0-50","Time-10","org.joda.time.base.BaseSingleFieldPeriod",0,2
"546","BBC-F0-50","Time-2","org.joda.time.field.UnsupportedDurationField",0,0
"547","BBC-F0-50","Time-2","org.joda.time.Partial",0,0
"548","BBC-F0-50","Time-3","org.joda.time.MutableDateTime",0,0
"549","BBC-F0-50","Time-5","org.joda.time.Period",0,30
"550","BBC-F0-50","Time-6","org.joda.time.chrono.GJChronology",0,20
"551","BBC-F0-50","Time-7","org.joda.time.format.DateTimeFormatter",0,2
"552","BBC-F0-50","Time-8","org.joda.time.DateTimeZone",0,0
"553","BBC-F0-60","Chart-10","org.jfree.chart.imagemap.StandardToolTipTagFragmentGenerator",0,0
"554","BBC-F0-60","Chart-2","org.jfree.data.general.DatasetUtilities",0,29
"555","BBC-F0-60","Chart-4","org.jfree.chart.plot.XYPlot",0,11
"556","BBC-F0-60","Chart-5","org.jfree.data.xy.XYSeries",0,0
"557","BBC-F0-60","Chart-9","org.jfree.data.time.TimeSeries",0,0
"558","BBC-F0-60","Cli-31","org.apache.commons.cli.HelpFormatter",0,0
"559","BBC-F0-60","Cli-31","org.apache.commons.cli.Option",0,0
"560","BBC-F0-60","Cli-31","org.apache.commons.cli.OptionBuilder",0,0
"561","BBC-F0-60","Cli-32","org.apache.commons.cli.HelpFormatter",0,21
"562","BBC-F0-60","Cli-33","org.apache.commons.cli.HelpFormatter",0,0
"563","BBC-F0-60","Cli-35","org.apache.commons.cli.Options",0,0
"564","BBC-F0-60","Closure-108","com.google.javascript.jscomp.ScopedAliases",0,0
"565","BBC-F0-60","Codec-10","org.apache.commons.codec.language.Caverphone",0,0
"566","BBC-F0-60","Codec-11","org.apache.commons.codec.net.QuotedPrintableCodec",0,30
"567","BBC-F0-60","Codec-13","org.apache.commons.codec.binary.StringUtils",0,0
"568","BBC-F0-60","Codec-13","org.apache.commons.codec.language.DoubleMetaphone",0,30
"569","BBC-F0-60","Codec-16","org.apache.commons.codec.binary.Base32",0,0
"570","BBC-F0-60","Codec-17","org.apache.commons.codec.binary.StringUtils",0,30
"571","BBC-F0-60","Codec-18","org.apache.commons.codec.binary.StringUtils",0,0
"572","BBC-F0-60","Codec-9","org.apache.commons.codec.binary.Base64",0,0
"573","BBC-F0-60","Collections-25","org.apache.commons.collections4.IteratorUtils",0,0
"574","BBC-F0-60","Collections-28","org.apache.commons.collections4.trie.AbstractPatriciaTrie",0,0
"575","BBC-F0-60","Compress-38","org.apache.commons.compress.archivers.tar.TarArchiveEntry",0,0
"576","BBC-F0-60","Compress-45","org.apache.commons.compress.archivers.tar.TarUtils",0,0
"577","BBC-F0-60","Csv-11","org.apache.commons.csv.CSVParser",0,29
"578","BBC-F0-60","Csv-12","org.apache.commons.csv.CSVFormat",0,0
"579","BBC-F0-60","Csv-8","org.apache.commons.csv.CSVFormat",0,0
"580","BBC-F0-60","Csv-9","org.apache.commons.csv.CSVRecord",0,27
"581","BBC-F0-60","Gson-10","com.google.gson.internal.bind.ReflectiveTypeAdapterFactory",0,0
"582","BBC-F0-60","Gson-11","com.google.gson.internal.bind.TypeAdapters",0,0
"583","BBC-F0-60","Gson-12","com.google.gson.internal.bind.JsonTreeReader",0,28
"584","BBC-F0-60","Gson-13","com.google.gson.stream.JsonReader",0,0
"585","BBC-F0-60","Gson-14","com.google.gson.internal.$Gson$Types",0,0
"586","BBC-F0-60","Gson-15","com.google.gson.stream.JsonWriter",0,0
"587","BBC-F0-60","Gson-16","com.google.gson.internal.$Gson$Types",0,0
"588","BBC-F0-60","Gson-17","com.google.gson.DefaultDateTypeAdapter",0,30
"589","BBC-F0-60","Gson-18","com.google.gson.internal.$Gson$Types",0,0
"590","BBC-F0-60","Gson-9","com.google.gson.internal.bind.JsonTreeWriter",0,0
"591","BBC-F0-60","Gson-9","com.google.gson.internal.bind.TypeAdapters",0,21
"592","BBC-F0-60","Gson-9","com.google.gson.stream.JsonWriter",0,30
"593","BBC-F0-60","JacksonCore-17","com.fasterxml.jackson.core.json.UTF8JsonGenerator",0,0
"594","BBC-F0-60","JacksonCore-19","com.fasterxml.jackson.core.json.ReaderBasedJsonParser",0,0
"595","BBC-F0-60","JacksonCore-19","com.fasterxml.jackson.core.json.UTF8StreamJsonParser",0,0
"596","BBC-F0-60","JacksonCore-20","com.fasterxml.jackson.core.JsonGenerator",0,30
"597","BBC-F0-60","JacksonCore-21","com.fasterxml.jackson.core.filter.FilteringParserDelegate",0,0
"598","BBC-F0-60","JacksonCore-22","com.fasterxml.jackson.core.filter.FilteringParserDelegate",0,0
"599","BBC-F0-60","JacksonCore-24","com.fasterxml.jackson.core.base.ParserBase",0,1
"600","BBC-F0-60","JacksonCore-24","com.fasterxml.jackson.core.base.ParserMinimalBase",0,0
"601","BBC-F0-60","JacksonCore-25","com.fasterxml.jackson.core.json.ReaderBasedJsonParser",0,0
"602","BBC-F0-60","JacksonDatabind-104","com.fasterxml.jackson.databind.util.StdDateFormat",0,0
"603","BBC-F0-60","JacksonDatabind-105","com.fasterxml.jackson.databind.deser.std.JdkDeserializers",0,0
"604","BBC-F0-60","JacksonDatabind-107","com.fasterxml.jackson.databind.jsontype.impl.TypeDeserializerBase",0,0
"605","BBC-F0-60","JacksonDatabind-109","com.fasterxml.jackson.databind.ser.std.NumberSerializer",0,0
"606","BBC-F0-60","JacksonDatabind-109","com.fasterxml.jackson.databind.ser.std.NumberSerializers",0,0
"607","BBC-F0-60","JacksonDatabind-110","com.fasterxml.jackson.databind.deser.impl.JavaUtilCollectionsDeserializers",0,0
"608","BBC-F0-60","JacksonDatabind-112","com.fasterxml.jackson.databind.deser.std.StringCollectionDeserializer",0,0
"609","BBC-F0-60","JacksonXml-3","com.fasterxml.jackson.dataformat.xml.deser.FromXmlParser",0,0
"610","BBC-F0-60","JacksonXml-4","com.fasterxml.jackson.dataformat.xml.ser.XmlSerializerProvider",0,0
"611","BBC-F0-60","JacksonXml-6","com.fasterxml.jackson.dataformat.xml.ser.ToXmlGenerator",0,0
"612","BBC-F0-60","Jsoup-84","org.jsoup.helper.W3CDom",0,16
"613","BBC-F0-60","Jsoup-86","org.jsoup.nodes.Comment",0,0
"614","BBC-F0-60","Jsoup-89","org.jsoup.nodes.Attribute",0,30
"615","BBC-F0-60","Jsoup-90","org.jsoup.helper.HttpConnection",0,0
"616","BBC-F0-60","JxPath-13","org.apache.commons.jxpath.ri.model.dom.DOMNodePointer",0,0
"617","BBC-F0-60","JxPath-13","org.apache.commons.jxpath.ri.NamespaceResolver",0,0
"618","BBC-F0-60","JxPath-16","org.apache.commons.jxpath.ri.model.dom.DOMNodePointer",0,0
"619","BBC-F0-60","JxPath-16","org.apache.commons.jxpath.ri.model.jdom.JDOMNodePointer",0,0
"620","BBC-F0-60","JxPath-22","org.apache.commons.jxpath.ri.model.dom.DOMNodePointer",0,0
"621","BBC-F0-60","Lang-1","org.apache.commons.lang3.math.NumberUtils",0,0
"622","BBC-F0-60","Lang-5","org.apache.commons.lang3.LocaleUtils",0,0
"623","BBC-F0-60","Lang-6","org.apache.commons.lang3.text.translate.CharSequenceTranslator",0,0
"624","BBC-F0-60","Math-1","org.apache.commons.math3.fraction.BigFraction",0,28
"625","BBC-F0-60","Math-1","org.apache.commons.math3.fraction.Fraction",0,29
"626","BBC-F0-60","Math-3","org.apache.commons.math3.util.MathArrays",0,9
"627","BBC-F0-60","Math-4","org.apache.commons.math3.geometry.euclidean.threed.SubLine",0,21
"628","BBC-F0-60","Math-4","org.apache.commons.math3.geometry.euclidean.twod.SubLine",0,29
"629","BBC-F0-60","Math-8","org.apache.commons.math3.distribution.DiscreteDistribution",0,12
"630","BBC-F0-60","Mockito-1","org.mockito.internal.invocation.InvocationMatcher",0,0
"631","BBC-F0-60","Mockito-18","org.mockito.internal.stubbing.defaultanswers.ReturnsEmptyValues",0,30
"632","BBC-F0-60","Mockito-20","org.mockito.internal.creation.bytebuddy.ByteBuddyMockMaker",0,0
"633","BBC-F0-60","Mockito-3","org.mockito.internal.invocation.InvocationMatcher",0,0
"634","BBC-F0-60","Mockito-4","org.mockito.exceptions.Reporter",0,0
"635","BBC-F0-60","Mockito-6","org.mockito.Matchers",0,0
"636","BBC-F0-60","Mockito-7","org.mockito.internal.util.reflection.GenericMetadataSupport",0,0
"637","BBC-F0-60","Time-10","org.joda.time.base.BaseSingleFieldPeriod",0,2
"638","BBC-F0-60","Time-2","org.joda.time.field.UnsupportedDurationField",0,0
"639","BBC-F0-60","Time-2","org.joda.time.Partial",0,0
"640","BBC-F0-60","Time-3","org.joda.time.MutableDateTime",0,0
"641","BBC-F0-60","Time-5","org.joda.time.Period",0,30
"642","BBC-F0-60","Time-6","org.joda.time.chrono.GJChronology",0,18
"643","BBC-F0-60","Time-7","org.joda.time.format.DateTimeFormatter",0,1
"644","BBC-F0-60","Time-8","org.joda.time.DateTimeZone",0,0
"645","BBC-F0-70","Chart-10","org.jfree.chart.imagemap.StandardToolTipTagFragmentGenerator",0,0
"646","BBC-F0-70","Chart-2","org.jfree.data.general.DatasetUtilities",0,29
"647","BBC-F0-70","Chart-4","org.jfree.chart.plot.XYPlot",0,16
"648","BBC-F0-70","Chart-5","org.jfree.data.xy.XYSeries",0,0
"649","BBC-F0-70","Chart-9","org.jfree.data.time.TimeSeries",0,0
"650","BBC-F0-70","Cli-31","org.apache.commons.cli.HelpFormatter",0,0
"651","BBC-F0-70","Cli-31","org.apache.commons.cli.Option",0,0
"652","BBC-F0-70","Cli-31","org.apache.commons.cli.OptionBuilder",0,0
"653","BBC-F0-70","Cli-32","org.apache.commons.cli.HelpFormatter",0,21
"654","BBC-F0-70","Cli-33","org.apache.commons.cli.HelpFormatter",0,0
"655","BBC-F0-70","Cli-35","org.apache.commons.cli.Options",0,0
"656","BBC-F0-70","Closure-108","com.google.javascript.jscomp.ScopedAliases",0,0
"657","BBC-F0-70","Codec-10","org.apache.commons.codec.language.Caverphone",0,0
"658","BBC-F0-70","Codec-11","org.apache.commons.codec.net.QuotedPrintableCodec",0,29
"659","BBC-F0-70","Codec-13","org.apache.commons.codec.binary.StringUtils",0,0
"660","BBC-F0-70","Codec-13","org.apache.commons.codec.language.DoubleMetaphone",0,27
"661","BBC-F0-70","Codec-16","org.apache.commons.codec.binary.Base32",0,0
"662","BBC-F0-70","Codec-17","org.apache.commons.codec.binary.StringUtils",0,30
"663","BBC-F0-70","Codec-18","org.apache.commons.codec.binary.StringUtils",0,0
"664","BBC-F0-70","Codec-9","org.apache.commons.codec.binary.Base64",0,0
"665","BBC-F0-70","Collections-25","org.apache.commons.collections4.IteratorUtils",0,0
"666","BBC-F0-70","Collections-28","org.apache.commons.collections4.trie.AbstractPatriciaTrie",0,0
"667","BBC-F0-70","Compress-38","org.apache.commons.compress.archivers.tar.TarArchiveEntry",0,0
"668","BBC-F0-70","Compress-45","org.apache.commons.compress.archivers.tar.TarUtils",0,0
"669","BBC-F0-70","Csv-11","org.apache.commons.csv.CSVParser",0,30
"670","BBC-F0-70","Csv-12","org.apache.commons.csv.CSVFormat",0,0
"671","BBC-F0-70","Csv-8","org.apache.commons.csv.CSVFormat",0,0
"672","BBC-F0-70","Csv-9","org.apache.commons.csv.CSVRecord",0,24
"673","BBC-F0-70","Gson-10","com.google.gson.internal.bind.ReflectiveTypeAdapterFactory",0,0
"674","BBC-F0-70","Gson-11","com.google.gson.internal.bind.TypeAdapters",0,0
"675","BBC-F0-70","Gson-12","com.google.gson.internal.bind.JsonTreeReader",0,29
"676","BBC-F0-70","Gson-13","com.google.gson.stream.JsonReader",0,0
"677","BBC-F0-70","Gson-14","com.google.gson.internal.$Gson$Types",0,0
"678","BBC-F0-70","Gson-15","com.google.gson.stream.JsonWriter",0,0
"679","BBC-F0-70","Gson-16","com.google.gson.internal.$Gson$Types",0,0
"680","BBC-F0-70","Gson-17","com.google.gson.DefaultDateTypeAdapter",0,28
"681","BBC-F0-70","Gson-18","com.google.gson.internal.$Gson$Types",0,0
"682","BBC-F0-70","Gson-9","com.google.gson.internal.bind.JsonTreeWriter",0,0
"683","BBC-F0-70","Gson-9","com.google.gson.internal.bind.TypeAdapters",0,24
"684","BBC-F0-70","Gson-9","com.google.gson.stream.JsonWriter",0,30
"685","BBC-F0-70","JacksonCore-17","com.fasterxml.jackson.core.json.UTF8JsonGenerator",0,0
"686","BBC-F0-70","JacksonCore-19","com.fasterxml.jackson.core.json.ReaderBasedJsonParser",0,0
"687","BBC-F0-70","JacksonCore-19","com.fasterxml.jackson.core.json.UTF8StreamJsonParser",0,0
"688","BBC-F0-70","JacksonCore-20","com.fasterxml.jackson.core.JsonGenerator",0,29
"689","BBC-F0-70","JacksonCore-21","com.fasterxml.jackson.core.filter.FilteringParserDelegate",0,0
"690","BBC-F0-70","JacksonCore-22","com.fasterxml.jackson.core.filter.FilteringParserDelegate",0,0
"691","BBC-F0-70","JacksonCore-24","com.fasterxml.jackson.core.base.ParserBase",0,0
"692","BBC-F0-70","JacksonCore-24","com.fasterxml.jackson.core.base.ParserMinimalBase",0,0
"693","BBC-F0-70","JacksonCore-25","com.fasterxml.jackson.core.json.ReaderBasedJsonParser",0,0
"694","BBC-F0-70","JacksonDatabind-104","com.fasterxml.jackson.databind.util.StdDateFormat",0,0
"695","BBC-F0-70","JacksonDatabind-105","com.fasterxml.jackson.databind.deser.std.JdkDeserializers",0,0
"696","BBC-F0-70","JacksonDatabind-107","com.fasterxml.jackson.databind.jsontype.impl.TypeDeserializerBase",0,0
"697","BBC-F0-70","JacksonDatabind-109","com.fasterxml.jackson.databind.ser.std.NumberSerializer",0,0
"698","BBC-F0-70","JacksonDatabind-109","com.fasterxml.jackson.databind.ser.std.NumberSerializers",0,0
"699","BBC-F0-70","JacksonDatabind-110","com.fasterxml.jackson.databind.deser.impl.JavaUtilCollectionsDeserializers",0,0
"700","BBC-F0-70","JacksonDatabind-112","com.fasterxml.jackson.databind.deser.std.StringCollectionDeserializer",0,0
"701","BBC-F0-70","JacksonXml-3","com.fasterxml.jackson.dataformat.xml.deser.FromXmlParser",0,0
"702","BBC-F0-70","JacksonXml-4","com.fasterxml.jackson.dataformat.xml.ser.XmlSerializerProvider",0,0
"703","BBC-F0-70","JacksonXml-6","com.fasterxml.jackson.dataformat.xml.ser.ToXmlGenerator",0,0
"704","BBC-F0-70","Jsoup-84","org.jsoup.helper.W3CDom",0,16
"705","BBC-F0-70","Jsoup-86","org.jsoup.nodes.Comment",0,0
"706","BBC-F0-70","Jsoup-89","org.jsoup.nodes.Attribute",0,30
"707","BBC-F0-70","Jsoup-90","org.jsoup.helper.HttpConnection",0,0
"708","BBC-F0-70","JxPath-13","org.apache.commons.jxpath.ri.model.dom.DOMNodePointer",0,0
"709","BBC-F0-70","JxPath-13","org.apache.commons.jxpath.ri.NamespaceResolver",0,0
"710","BBC-F0-70","JxPath-16","org.apache.commons.jxpath.ri.model.dom.DOMNodePointer",0,0
"711","BBC-F0-70","JxPath-16","org.apache.commons.jxpath.ri.model.jdom.JDOMNodePointer",0,0
"712","BBC-F0-70","JxPath-22","org.apache.commons.jxpath.ri.model.dom.DOMNodePointer",0,0
"713","BBC-F0-70","Lang-1","org.apache.commons.lang3.math.NumberUtils",0,0
"714","BBC-F0-70","Lang-5","org.apache.commons.lang3.LocaleUtils",0,0
"715","BBC-F0-70","Lang-6","org.apache.commons.lang3.text.translate.CharSequenceTranslator",0,0
"716","BBC-F0-70","Math-1","org.apache.commons.math3.fraction.BigFraction",0,26
"717","BBC-F0-70","Math-1","org.apache.commons.math3.fraction.Fraction",0,29
"718","BBC-F0-70","Math-3","org.apache.commons.math3.util.MathArrays",0,17
"719","BBC-F0-70","Math-4","org.apache.commons.math3.geometry.euclidean.threed.SubLine",0,23
"720","BBC-F0-70","Math-4","org.apache.commons.math3.geometry.euclidean.twod.SubLine",0,23
"721","BBC-F0-70","Math-8","org.apache.commons.math3.distribution.DiscreteDistribution",0,15
"722","BBC-F0-70","Mockito-1","org.mockito.internal.invocation.InvocationMatcher",0,0
"723","BBC-F0-70","Mockito-18","org.mockito.internal.stubbing.defaultanswers.ReturnsEmptyValues",0,30
"724","BBC-F0-70","Mockito-20","org.mockito.internal.creation.bytebuddy.ByteBuddyMockMaker",0,0
"725","BBC-F0-70","Mockito-3","org.mockito.internal.invocation.InvocationMatcher",0,0
"726","BBC-F0-70","Mockito-4","org.mockito.exceptions.Reporter",0,0
"727","BBC-F0-70","Mockito-6","org.mockito.Matchers",0,0
"728","BBC-F0-70","Mockito-7","org.mockito.internal.util.reflection.GenericMetadataSupport",0,0
"729","BBC-F0-70","Time-10","org.joda.time.base.BaseSingleFieldPeriod",0,0
"730","BBC-F0-70","Time-2","org.joda.time.field.UnsupportedDurationField",0,0
"731","BBC-F0-70","Time-2","org.joda.time.Partial",0,0
"732","BBC-F0-70","Time-3","org.joda.time.MutableDateTime",0,0
"733","BBC-F0-70","Time-5","org.joda.time.Period",0,30
"734","BBC-F0-70","Time-6","org.joda.time.chrono.GJChronology",0,21
"735","BBC-F0-70","Time-7","org.joda.time.format.DateTimeFormatter",0,2
"736","BBC-F0-70","Time-8","org.joda.time.DateTimeZone",0,0
"737","BBC-F0-80","Chart-10","org.jfree.chart.imagemap.StandardToolTipTagFragmentGenerator",0,0
"738","BBC-F0-80","Chart-2","org.jfree.data.general.DatasetUtilities",0,30
"739","BBC-F0-80","Chart-4","org.jfree.chart.plot.XYPlot",0,13
"740","BBC-F0-80","Chart-5","org.jfree.data.xy.XYSeries",0,0
"741","BBC-F0-80","Chart-9","org.jfree.data.time.TimeSeries",0,0
"742","BBC-F0-80","Cli-31","org.apache.commons.cli.HelpFormatter",0,0
"743","BBC-F0-80","Cli-31","org.apache.commons.cli.Option",0,0
"744","BBC-F0-80","Cli-31","org.apache.commons.cli.OptionBuilder",0,0
"745","BBC-F0-80","Cli-32","org.apache.commons.cli.HelpFormatter",0,26
"746","BBC-F0-80","Cli-33","org.apache.commons.cli.HelpFormatter",0,0
"747","BBC-F0-80","Cli-35","org.apache.commons.cli.Options",0,0
"748","BBC-F0-80","Closure-108","com.google.javascript.jscomp.ScopedAliases",0,0
"749","BBC-F0-80","Codec-10","org.apache.commons.codec.language.Caverphone",0,0
"750","BBC-F0-80","Codec-11","org.apache.commons.codec.net.QuotedPrintableCodec",0,30
"751","BBC-F0-80","Codec-13","org.apache.commons.codec.binary.StringUtils",0,0
"752","BBC-F0-80","Codec-13","org.apache.commons.codec.language.DoubleMetaphone",0,28
"753","BBC-F0-80","Codec-16","org.apache.commons.codec.binary.Base32",0,0
"754","BBC-F0-80","Codec-17","org.apache.commons.codec.binary.StringUtils",0,30
"755","BBC-F0-80","Codec-18","org.apache.commons.codec.binary.StringUtils",0,0
"756","BBC-F0-80","Codec-9","org.apache.commons.codec.binary.Base64",0,0
"757","BBC-F0-80","Collections-25","org.apache.commons.collections4.IteratorUtils",0,0
"758","BBC-F0-80","Collections-28","org.apache.commons.collections4.trie.AbstractPatriciaTrie",0,0
"759","BBC-F0-80","Compress-38","org.apache.commons.compress.archivers.tar.TarArchiveEntry",0,0
"760","BBC-F0-80","Compress-45","org.apache.commons.compress.archivers.tar.TarUtils",0,0
"761","BBC-F0-80","Csv-11","org.apache.commons.csv.CSVParser",0,29
"762","BBC-F0-80","Csv-12","org.apache.commons.csv.CSVFormat",0,0
"763","BBC-F0-80","Csv-8","org.apache.commons.csv.CSVFormat",0,0
"764","BBC-F0-80","Csv-9","org.apache.commons.csv.CSVRecord",0,27
"765","BBC-F0-80","Gson-10","com.google.gson.internal.bind.ReflectiveTypeAdapterFactory",0,0
"766","BBC-F0-80","Gson-11","com.google.gson.internal.bind.TypeAdapters",0,0
"767","BBC-F0-80","Gson-12","com.google.gson.internal.bind.JsonTreeReader",0,29
"768","BBC-F0-80","Gson-13","com.google.gson.stream.JsonReader",0,0
"769","BBC-F0-80","Gson-14","com.google.gson.internal.$Gson$Types",0,0
"770","BBC-F0-80","Gson-15","com.google.gson.stream.JsonWriter",0,0
"771","BBC-F0-80","Gson-16","com.google.gson.internal.$Gson$Types",0,0
"772","BBC-F0-80","Gson-17","com.google.gson.DefaultDateTypeAdapter",0,29
"773","BBC-F0-80","Gson-18","com.google.gson.internal.$Gson$Types",0,0
"774","BBC-F0-80","Gson-9","com.google.gson.internal.bind.JsonTreeWriter",0,0
"775","BBC-F0-80","Gson-9","com.google.gson.internal.bind.TypeAdapters",0,21
"776","BBC-F0-80","Gson-9","com.google.gson.stream.JsonWriter",0,30
"777","BBC-F0-80","JacksonCore-17","com.fasterxml.jackson.core.json.UTF8JsonGenerator",0,0
"778","BBC-F0-80","JacksonCore-19","com.fasterxml.jackson.core.json.ReaderBasedJsonParser",0,0
"779","BBC-F0-80","JacksonCore-19","com.fasterxml.jackson.core.json.UTF8StreamJsonParser",0,0
"780","BBC-F0-80","JacksonCore-20","com.fasterxml.jackson.core.JsonGenerator",0,30
"781","BBC-F0-80","JacksonCore-21","com.fasterxml.jackson.core.filter.FilteringParserDelegate",0,0
"782","BBC-F0-80","JacksonCore-22","com.fasterxml.jackson.core.filter.FilteringParserDelegate",0,0
"783","BBC-F0-80","JacksonCore-24","com.fasterxml.jackson.core.base.ParserBase",0,0
"784","BBC-F0-80","JacksonCore-24","com.fasterxml.jackson.core.base.ParserMinimalBase",0,0
"785","BBC-F0-80","JacksonCore-25","com.fasterxml.jackson.core.json.ReaderBasedJsonParser",0,0
"786","BBC-F0-80","JacksonDatabind-104","com.fasterxml.jackson.databind.util.StdDateFormat",0,0
"787","BBC-F0-80","JacksonDatabind-105","com.fasterxml.jackson.databind.deser.std.JdkDeserializers",0,0
"788","BBC-F0-80","JacksonDatabind-107","com.fasterxml.jackson.databind.jsontype.impl.TypeDeserializerBase",0,0
"789","BBC-F0-80","JacksonDatabind-109","com.fasterxml.jackson.databind.ser.std.NumberSerializer",0,0
"790","BBC-F0-80","JacksonDatabind-109","com.fasterxml.jackson.databind.ser.std.NumberSerializers",0,0
"791","BBC-F0-80","JacksonDatabind-110","com.fasterxml.jackson.databind.deser.impl.JavaUtilCollectionsDeserializers",0,0
"792","BBC-F0-80","JacksonDatabind-112","com.fasterxml.jackson.databind.deser.std.StringCollectionDeserializer",0,0
"793","BBC-F0-80","JacksonXml-3","com.fasterxml.jackson.dataformat.xml.deser.FromXmlParser",0,0
"794","BBC-F0-80","JacksonXml-4","com.fasterxml.jackson.dataformat.xml.ser.XmlSerializerProvider",0,0
"795","BBC-F0-80","JacksonXml-6","com.fasterxml.jackson.dataformat.xml.ser.ToXmlGenerator",0,0
"796","BBC-F0-80","Jsoup-84","org.jsoup.helper.W3CDom",0,8
"797","BBC-F0-80","Jsoup-86","org.jsoup.nodes.Comment",0,0
"798","BBC-F0-80","Jsoup-89","org.jsoup.nodes.Attribute",0,30
"799","BBC-F0-80","Jsoup-90","org.jsoup.helper.HttpConnection",0,0
"800","BBC-F0-80","JxPath-13","org.apache.commons.jxpath.ri.model.dom.DOMNodePointer",0,1
"801","BBC-F0-80","JxPath-13","org.apache.commons.jxpath.ri.NamespaceResolver",0,0
"802","BBC-F0-80","JxPath-16","org.apache.commons.jxpath.ri.model.dom.DOMNodePointer",0,0
"803","BBC-F0-80","JxPath-16","org.apache.commons.jxpath.ri.model.jdom.JDOMNodePointer",0,0
"804","BBC-F0-80","JxPath-22","org.apache.commons.jxpath.ri.model.dom.DOMNodePointer",0,0
"805","BBC-F0-80","Lang-1","org.apache.commons.lang3.math.NumberUtils",0,0
"806","BBC-F0-80","Lang-5","org.apache.commons.lang3.LocaleUtils",0,0
"807","BBC-F0-80","Lang-6","org.apache.commons.lang3.text.translate.CharSequenceTranslator",0,0
"808","BBC-F0-80","Math-1","org.apache.commons.math3.fraction.BigFraction",0,29
"809","BBC-F0-80","Math-1","org.apache.commons.math3.fraction.Fraction",0,29
"810","BBC-F0-80","Math-3","org.apache.commons.math3.util.MathArrays",0,12
"811","BBC-F0-80","Math-4","org.apache.commons.math3.geometry.euclidean.threed.SubLine",0,27
"812","BBC-F0-80","Math-4","org.apache.commons.math3.geometry.euclidean.twod.SubLine",0,27
"813","BBC-F0-80","Math-8","org.apache.commons.math3.distribution.DiscreteDistribution",0,15
"814","BBC-F0-80","Mockito-1","org.mockito.internal.invocation.InvocationMatcher",0,0
"815","BBC-F0-80","Mockito-18","org.mockito.internal.stubbing.defaultanswers.ReturnsEmptyValues",0,30
"816","BBC-F0-80","Mockito-20","org.mockito.internal.creation.bytebuddy.ByteBuddyMockMaker",0,0
"817","BBC-F0-80","Mockito-3","org.mockito.internal.invocation.InvocationMatcher",0,0
"818","BBC-F0-80","Mockito-4","org.mockito.exceptions.Reporter",0,0
"819","BBC-F0-80","Mockito-6","org.mockito.Matchers",0,0
"820","BBC-F0-80","Mockito-7","org.mockito.internal.util.reflection.GenericMetadataSupport",0,0
"821","BBC-F0-80","Time-10","org.joda.time.base.BaseSingleFieldPeriod",0,1
"822","BBC-F0-80","Time-2","org.joda.time.field.UnsupportedDurationField",0,0
"823","BBC-F0-80","Time-2","org.joda.time.Partial",0,0
"824","BBC-F0-80","Time-3","org.joda.time.MutableDateTime",0,0
"825","BBC-F0-80","Time-5","org.joda.time.Period",0,30
"826","BBC-F0-80","Time-6","org.joda.time.chrono.GJChronology",0,18
"827","BBC-F0-80","Time-7","org.joda.time.format.DateTimeFormatter",0,3
"828","BBC-F0-80","Time-8","org.joda.time.DateTimeZone",0,0
"829","BBC-F0-90","Chart-10","org.jfree.chart.imagemap.StandardToolTipTagFragmentGenerator",0,0
"830","BBC-F0-90","Chart-2","org.jfree.data.general.DatasetUtilities",0,30
"831","BBC-F0-90","Chart-4","org.jfree.chart.plot.XYPlot",0,14
"832","BBC-F0-90","Chart-5","org.jfree.data.xy.XYSeries",0,0
"833","BBC-F0-90","Chart-9","org.jfree.data.time.TimeSeries",0,0
"834","BBC-F0-90","Cli-31","org.apache.commons.cli.HelpFormatter",0,0
"835","BBC-F0-90","Cli-31","org.apache.commons.cli.Option",0,0
"836","BBC-F0-90","Cli-31","org.apache.commons.cli.OptionBuilder",0,0
"837","BBC-F0-90","Cli-32","org.apache.commons.cli.HelpFormatter",0,26
"838","BBC-F0-90","Cli-33","org.apache.commons.cli.HelpFormatter",0,0
"839","BBC-F0-90","Cli-35","org.apache.commons.cli.Options",0,0
"840","BBC-F0-90","Closure-108","com.google.javascript.jscomp.ScopedAliases",0,0
"841","BBC-F0-90","Codec-10","org.apache.commons.codec.language.Caverphone",0,0
"842","BBC-F0-90","Codec-11","org.apache.commons.codec.net.QuotedPrintableCodec",0,30
"843","BBC-F0-90","Codec-13","org.apache.commons.codec.binary.StringUtils",0,0
"844","BBC-F0-90","Codec-13","org.apache.commons.codec.language.DoubleMetaphone",0,30
"845","BBC-F0-90","Codec-16","org.apache.commons.codec.binary.Base32",0,0
"846","BBC-F0-90","Codec-17","org.apache.commons.codec.binary.StringUtils",0,30
"847","BBC-F0-90","Codec-18","org.apache.commons.codec.binary.StringUtils",0,0
"848","BBC-F0-90","Codec-9","org.apache.commons.codec.binary.Base64",0,0
"849","BBC-F0-90","Collections-25","org.apache.commons.collections4.IteratorUtils",0,0
"850","BBC-F0-90","Collections-28","org.apache.commons.collections4.trie.AbstractPatriciaTrie",0,0
"851","BBC-F0-90","Compress-38","org.apache.commons.compress.archivers.tar.TarArchiveEntry",0,0
"852","BBC-F0-90","Compress-45","org.apache.commons.compress.archivers.tar.TarUtils",0,0
"853","BBC-F0-90","Csv-11","org.apache.commons.csv.CSVParser",0,30
"854","BBC-F0-90","Csv-12","org.apache.commons.csv.CSVFormat",0,0
"855","BBC-F0-90","Csv-8","org.apache.commons.csv.CSVFormat",0,0
"856","BBC-F0-90","Csv-9","org.apache.commons.csv.CSVRecord",0,20
"857","BBC-F0-90","Gson-10","com.google.gson.internal.bind.ReflectiveTypeAdapterFactory",0,0
"858","BBC-F0-90","Gson-11","com.google.gson.internal.bind.TypeAdapters",0,0
"859","BBC-F0-90","Gson-12","com.google.gson.internal.bind.JsonTreeReader",0,29
"860","BBC-F0-90","Gson-13","com.google.gson.stream.JsonReader",0,0
"861","BBC-F0-90","Gson-14","com.google.gson.internal.$Gson$Types",0,0
"862","BBC-F0-90","Gson-15","com.google.gson.stream.JsonWriter",0,0
"863","BBC-F0-90","Gson-16","com.google.gson.internal.$Gson$Types",0,0
"864","BBC-F0-90","Gson-17","com.google.gson.DefaultDateTypeAdapter",0,28
"865","BBC-F0-90","Gson-18","com.google.gson.internal.$Gson$Types",0,0
"866","BBC-F0-90","Gson-9","com.google.gson.internal.bind.JsonTreeWriter",0,0
"867","BBC-F0-90","Gson-9","com.google.gson.internal.bind.TypeAdapters",0,20
"868","BBC-F0-90","Gson-9","com.google.gson.stream.JsonWriter",0,30
"869","BBC-F0-90","JacksonCore-17","com.fasterxml.jackson.core.json.UTF8JsonGenerator",0,0
"870","BBC-F0-90","JacksonCore-19","com.fasterxml.jackson.core.json.ReaderBasedJsonParser",0,0
"871","BBC-F0-90","JacksonCore-19","com.fasterxml.jackson.core.json.UTF8StreamJsonParser",0,0
"872","BBC-F0-90","JacksonCore-20","com.fasterxml.jackson.core.JsonGenerator",0,30
"873","BBC-F0-90","JacksonCore-21","com.fasterxml.jackson.core.filter.FilteringParserDelegate",0,0
"874","BBC-F0-90","JacksonCore-22","com.fasterxml.jackson.core.filter.FilteringParserDelegate",0,0
"875","BBC-F0-90","JacksonCore-24","com.fasterxml.jackson.core.base.ParserBase",0,0
"876","BBC-F0-90","JacksonCore-24","com.fasterxml.jackson.core.base.ParserMinimalBase",0,0
"877","BBC-F0-90","JacksonCore-25","com.fasterxml.jackson.core.json.ReaderBasedJsonParser",0,0
"878","BBC-F0-90","JacksonDatabind-104","com.fasterxml.jackson.databind.util.StdDateFormat",0,0
"879","BBC-F0-90","JacksonDatabind-105","com.fasterxml.jackson.databind.deser.std.JdkDeserializers",0,0
"880","BBC-F0-90","JacksonDatabind-107","com.fasterxml.jackson.databind.jsontype.impl.TypeDeserializerBase",0,0
"881","BBC-F0-90","JacksonDatabind-109","com.fasterxml.jackson.databind.ser.std.NumberSerializer",0,0
"882","BBC-F0-90","JacksonDatabind-109","com.fasterxml.jackson.databind.ser.std.NumberSerializers",0,0
"883","BBC-F0-90","JacksonDatabind-110","com.fasterxml.jackson.databind.deser.impl.JavaUtilCollectionsDeserializers",0,0
"884","BBC-F0-90","JacksonDatabind-112","com.fasterxml.jackson.databind.deser.std.StringCollectionDeserializer",0,0
"885","BBC-F0-90","JacksonXml-3","com.fasterxml.jackson.dataformat.xml.deser.FromXmlParser",0,0
"886","BBC-F0-90","JacksonXml-4","com.fasterxml.jackson.dataformat.xml.ser.XmlSerializerProvider",0,0
"887","BBC-F0-90","JacksonXml-6","com.fasterxml.jackson.dataformat.xml.ser.ToXmlGenerator",0,0
"888","BBC-F0-90","Jsoup-84","org.jsoup.helper.W3CDom",0,14
"889","BBC-F0-90","Jsoup-86","org.jsoup.nodes.Comment",0,0
"890","BBC-F0-90","Jsoup-89","org.jsoup.nodes.Attribute",0,30
"891","BBC-F0-90","Jsoup-90","org.jsoup.helper.HttpConnection",0,0
"892","BBC-F0-90","JxPath-13","org.apache.commons.jxpath.ri.model.dom.DOMNodePointer",0,0
"893","BBC-F0-90","JxPath-13","org.apache.commons.jxpath.ri.NamespaceResolver",0,0
"894","BBC-F0-90","JxPath-16","org.apache.commons.jxpath.ri.model.dom.DOMNodePointer",0,0
"895","BBC-F0-90","JxPath-16","org.apache.commons.jxpath.ri.model.jdom.JDOMNodePointer",0,0
"896","BBC-F0-90","JxPath-22","org.apache.commons.jxpath.ri.model.dom.DOMNodePointer",0,0
"897","BBC-F0-90","Lang-1","org.apache.commons.lang3.math.NumberUtils",0,0
"898","BBC-F0-90","Lang-5","org.apache.commons.lang3.LocaleUtils",0,0
"899","BBC-F0-90","Lang-6","org.apache.commons.lang3.text.translate.CharSequenceTranslator",0,0
"900","BBC-F0-90","Math-1","org.apache.commons.math3.fraction.BigFraction",0,28
"901","BBC-F0-90","Math-1","org.apache.commons.math3.fraction.Fraction",0,30
"902","BBC-F0-90","Math-3","org.apache.commons.math3.util.MathArrays",0,13
"903","BBC-F0-90","Math-4","org.apache.commons.math3.geometry.euclidean.threed.SubLine",0,20
"904","BBC-F0-90","Math-4","org.apache.commons.math3.geometry.euclidean.twod.SubLine",0,28
"905","BBC-F0-90","Math-8","org.apache.commons.math3.distribution.DiscreteDistribution",0,7
"906","BBC-F0-90","Mockito-1","org.mockito.internal.invocation.InvocationMatcher",0,0
"907","BBC-F0-90","Mockito-18","org.mockito.internal.stubbing.defaultanswers.ReturnsEmptyValues",0,30
"908","BBC-F0-90","Mockito-20","org.mockito.internal.creation.bytebuddy.ByteBuddyMockMaker",0,0
"909","BBC-F0-90","Mockito-3","org.mockito.internal.invocation.InvocationMatcher",0,0
"910","BBC-F0-90","Mockito-4","org.mockito.exceptions.Reporter",0,0
"911","BBC-F0-90","Mockito-6","org.mockito.Matchers",0,0
"912","BBC-F0-90","Mockito-7","org.mockito.internal.util.reflection.GenericMetadataSupport",0,0
"913","BBC-F0-90","Time-10","org.joda.time.base.BaseSingleFieldPeriod",0,0
"914","BBC-F0-90","Time-2","org.joda.time.field.UnsupportedDurationField",0,0
"915","BBC-F0-90","Time-2","org.joda.time.Partial",0,0
"916","BBC-F0-90","Time-3","org.joda.time.MutableDateTime",0,0
"917","BBC-F0-90","Time-5","org.joda.time.Period",0,30
"918","BBC-F0-90","Time-6","org.joda.time.chrono.GJChronology",0,19
"919","BBC-F0-90","Time-7","org.joda.time.format.DateTimeFormatter",0,1
"920","BBC-F0-90","Time-8","org.joda.time.DateTimeZone",0,0
"921","default","Chart-10","org.jfree.chart.imagemap.StandardToolTipTagFragmentGenerator",0,0
"922","default","Chart-2","org.jfree.data.general.DatasetUtilities",0,30
"923","default","Chart-4","org.jfree.chart.plot.XYPlot",0,7
"924","default","Chart-5","org.jfree.data.xy.XYSeries",0,0
"925","default","Chart-9","org.jfree.data.time.TimeSeries",0,0
"926","default","Cli-31","org.apache.commons.cli.HelpFormatter",0,0
"927","default","Cli-31","org.apache.commons.cli.Option",0,0
"928","default","Cli-31","org.apache.commons.cli.OptionBuilder",0,0
"929","default","Cli-32","org.apache.commons.cli.HelpFormatter",0,30
"930","default","Cli-33","org.apache.commons.cli.HelpFormatter",0,0
"931","default","Cli-35","org.apache.commons.cli.Options",0,0
"932","default","Closure-108","com.google.javascript.jscomp.ScopedAliases",0,0
"933","default","Codec-10","org.apache.commons.codec.language.Caverphone",0,0
"934","default","Codec-11","org.apache.commons.codec.net.QuotedPrintableCodec",0,26
"935","default","Codec-13","org.apache.commons.codec.binary.StringUtils",0,0
"936","default","Codec-13","org.apache.commons.codec.language.DoubleMetaphone",0,12
"937","default","Codec-16","org.apache.commons.codec.binary.Base32",0,0
"938","default","Codec-17","org.apache.commons.codec.binary.StringUtils",0,30
"939","default","Codec-18","org.apache.commons.codec.binary.StringUtils",0,0
"940","default","Codec-9","org.apache.commons.codec.binary.Base64",0,0
"941","default","Collections-25","org.apache.commons.collections4.IteratorUtils",0,0
"942","default","Collections-28","org.apache.commons.collections4.trie.AbstractPatriciaTrie",0,0
"943","default","Compress-38","org.apache.commons.compress.archivers.tar.TarArchiveEntry",0,0
"944","default","Compress-45","org.apache.commons.compress.archivers.tar.TarUtils",0,0
"945","default","Csv-11","org.apache.commons.csv.CSVParser",0,30
"946","default","Csv-12","org.apache.commons.csv.CSVFormat",0,0
"947","default","Csv-8","org.apache.commons.csv.CSVFormat",0,0
"948","default","Csv-9","org.apache.commons.csv.CSVRecord",0,29
"949","default","Gson-10","com.google.gson.internal.bind.ReflectiveTypeAdapterFactory",0,0
"950","default","Gson-11","com.google.gson.internal.bind.TypeAdapters",0,0
"951","default","Gson-12","com.google.gson.internal.bind.JsonTreeReader",0,30
"952","default","Gson-13","com.google.gson.stream.JsonReader",0,0
"953","default","Gson-14","com.google.gson.internal.$Gson$Types",0,0
"954","default","Gson-15","com.google.gson.stream.JsonWriter",0,0
"955","default","Gson-16","com.google.gson.internal.$Gson$Types",0,0
"956","default","Gson-17","com.google.gson.DefaultDateTypeAdapter",0,30
"957","default","Gson-18","com.google.gson.internal.$Gson$Types",0,0
"958","default","Gson-9","com.google.gson.internal.bind.JsonTreeWriter",0,0
"959","default","Gson-9","com.google.gson.internal.bind.TypeAdapters",0,20
"960","default","Gson-9","com.google.gson.stream.JsonWriter",0,30
"961","default","JacksonCore-17","com.fasterxml.jackson.core.json.UTF8JsonGenerator",0,0
"962","default","JacksonCore-19","com.fasterxml.jackson.core.json.ReaderBasedJsonParser",0,0
"963","default","JacksonCore-19","com.fasterxml.jackson.core.json.UTF8StreamJsonParser",0,0
"964","default","JacksonCore-20","com.fasterxml.jackson.core.JsonGenerator",0,30
"965","default","JacksonCore-21","com.fasterxml.jackson.core.filter.FilteringParserDelegate",0,0
"966","default","JacksonCore-22","com.fasterxml.jackson.core.filter.FilteringParserDelegate",0,0
"967","default","JacksonCore-24","com.fasterxml.jackson.core.base.ParserBase",0,0
"968","default","JacksonCore-24","com.fasterxml.jackson.core.base.ParserMinimalBase",0,0
"969","default","JacksonCore-25","com.fasterxml.jackson.core.json.ReaderBasedJsonParser",0,0
"970","default","JacksonDatabind-104","com.fasterxml.jackson.databind.util.StdDateFormat",0,0
"971","default","JacksonDatabind-105","com.fasterxml.jackson.databind.deser.std.JdkDeserializers",0,0
"972","default","JacksonDatabind-107","com.fasterxml.jackson.databind.jsontype.impl.TypeDeserializerBase",0,0
"973","default","JacksonDatabind-109","com.fasterxml.jackson.databind.ser.std.NumberSerializer",0,0
"974","default","JacksonDatabind-109","com.fasterxml.jackson.databind.ser.std.NumberSerializers",0,0
"975","default","JacksonDatabind-110","com.fasterxml.jackson.databind.deser.impl.JavaUtilCollectionsDeserializers",0,0
"976","default","JacksonDatabind-112","com.fasterxml.jackson.databind.deser.std.StringCollectionDeserializer",0,0
"977","default","JacksonXml-3","com.fasterxml.jackson.dataformat.xml.deser.FromXmlParser",0,0
"978","default","JacksonXml-4","com.fasterxml.jackson.dataformat.xml.ser.XmlSerializerProvider",0,0
"979","default","JacksonXml-6","com.fasterxml.jackson.dataformat.xml.ser.ToXmlGenerator",0,0
"980","default","Jsoup-84","org.jsoup.helper.W3CDom",0,19
"981","default","Jsoup-86","org.jsoup.nodes.Comment",0,0
"982","default","Jsoup-89","org.jsoup.nodes.Attribute",0,30
"983","default","Jsoup-90","org.jsoup.helper.HttpConnection",0,0
"984","default","JxPath-13","org.apache.commons.jxpath.ri.model.dom.DOMNodePointer",0,0
"985","default","JxPath-13","org.apache.commons.jxpath.ri.NamespaceResolver",0,0
"986","default","JxPath-16","org.apache.commons.jxpath.ri.model.dom.DOMNodePointer",0,0
"987","default","JxPath-16","org.apache.commons.jxpath.ri.model.jdom.JDOMNodePointer",0,0
"988","default","JxPath-22","org.apache.commons.jxpath.ri.model.dom.DOMNodePointer",0,0
"989","default","Lang-1","org.apache.commons.lang3.math.NumberUtils",0,0
"990","default","Lang-5","org.apache.commons.lang3.LocaleUtils",0,0
"991","default","Lang-6","org.apache.commons.lang3.text.translate.CharSequenceTranslator",0,0
"992","default","Math-1","org.apache.commons.math3.fraction.BigFraction",0,25
"993","default","Math-1","org.apache.commons.math3.fraction.Fraction",0,29
"994","default","Math-3","org.apache.commons.math3.util.MathArrays",0,9
"995","default","Math-4","org.apache.commons.math3.geometry.euclidean.threed.SubLine",0,25
"996","default","Math-4","org.apache.commons.math3.geometry.euclidean.twod.SubLine",0,30
"997","default","Math-8","org.apache.commons.math3.distribution.DiscreteDistribution",0,10
"998","default","Mockito-1","org.mockito.internal.invocation.InvocationMatcher",0,0
"999","default","Mockito-18","org.mockito.internal.stubbing.defaultanswers.ReturnsEmptyValues",0,30
"1000","default","Mockito-20","org.mockito.internal.creation.bytebuddy.ByteBuddyMockMaker",0,0
"1001","default","Mockito-3","org.mockito.internal.invocation.InvocationMatcher",0,0
"1002","default","Mockito-4","org.mockito.exceptions.Reporter",0,0
"1003","default","Mockito-6","org.mockito.Matchers",0,0
"1004","default","Mockito-7","org.mockito.internal.util.reflection.GenericMetadataSupport",0,0
"1005","default","Time-10","org.joda.time.base.BaseSingleFieldPeriod",0,1
"1006","default","Time-2","org.joda.time.field.UnsupportedDurationField",0,0
"1007","default","Time-2","org.joda.time.Partial",0,0
"1008","default","Time-3","org.joda.time.MutableDateTime",0,0
"1009","default","Time-5","org.joda.time.Period",0,30
"1010","default","Time-6","org.joda.time.chrono.GJChronology",0,18
"1011","default","Time-7","org.joda.time.format.DateTimeFormatter",0,3
"1012","default","Time-8","org.joda.time.DateTimeZone",0,0
